date,time,open,high,low,close,volume
2017-06-09,0,3063.44,3073.29,3036.3,3064.6,4011163.0
2017-06-12,0,3049.24,3052.15,3003.6,3007.73,3870535.0
2017-06-13,0,3002.59,3060.92,3000.72,3052.51,4030190.0
2017-06-14,0,3046.43,3062.89,3029.19,3045.32,3872734.0
2017-06-15,0,3038.4,3127.49,3034.8,3112.98,7165578.0
2017-06-16,0,3109.47,3113.29,3086.63,3092.08,4052538.0
2017-06-19,0,3084.93,3109.99,3084.93,3109.99,3540768.0
2017-06-20,0,3116.58,3148.96,3112.06,3112.15,6178708.0
2017-06-21,0,3118.59,3121.06,3070.5,3093.36,5180838.0
2017-06-22,0,3092.87,3106.66,3042.4,3042.4,5407283.0
2017-06-23,0,3039.02,3054.38,2995.04,3047.45,5415362.0
2017-06-26,0,3044.23,3086.98,3036.55,3086.98,5022300.0
2017-06-27,0,3084.86,3116.04,3082.83,3097.49,4915607.0
2017-06-28,0,3096.29,3102.47,3074.6,3084.47,4469054.0
2017-06-29,0,3087.19,3138.15,3082.76,3120.46,5588321.0
2017-06-30,0,3105.93,3113.85,3084.91,3104.25,4147685.0
2017-07-03,0,3102.07,3136.18,3096.05,3136.18,4898573.0
2017-07-04,0,3132.12,3136.55,3112.45,3131.8,4161982.0
2017-07-05,0,3129.86,3148.4,3124.26,3148.4,5977869.0
2017-07-06,0,3139.54,3153.87,3114.89,3144.07,6395702.0
2017-07-07,0,3137.41,3144.07,3120.79,3129.42,5452879.0
2017-07-10,0,3119.46,3123.22,3086.51,3088.45,4964234.0
2017-07-11,0,3080.48,3088.71,3046.6,3046.75,4174793.0
2017-07-12,0,3041.32,3054.11,2978.74,3027.97,4833043.0
2017-07-13,0,3023.92,3024.89,3005.93,3014.17,3521831.0
2017-07-14,0,3012.61,3023.27,2989.1,2997.09,3920956.0
2017-07-17,0,2958.4,2958.4,2802.18,2802.18,7475359.0
2017-07-18,0,2773.55,2828.7,2754.66,2816.43,5130666.0
2017-07-19,0,2807.82,2838.58,2788.46,2838.58,4754220.0
2017-07-20,0,2839.33,2879.7,2837.0,2837.44,4773045.0
2017-07-21,0,2834.57,2859.61,2832.21,2841.05,3849004.0
2017-07-24,0,2833.93,2852.26,2822.31,2847.55,4722982.0
2017-07-25,0,2842.11,2852.88,2828.44,2842.07,3638314.0
2017-07-26,0,2842.94,2848.16,2821.55,2834.54,3747693.0
2017-07-27,0,2838.39,2982.33,2834.03,2979.45,11007082.0
2017-07-28,0,2969.5,2980.24,2953.15,2958.34,8461791.0
2017-07-31,0,2950.61,2992.71,2940.93,2983.06,8152637.0
2017-08-01,0,2974.39,2991.15,2962.49,2989.61,7301807.0
2017-08-02,0,2982.86,2995.26,2963.08,2965.76,7937921.0
2017-08-03,0,2955.35,3059.98,2950.6,3009.28,10583935.0
2017-08-04,0,3010.45,3025.64,2995.64,2999.91,9009659.0
2017-08-07,0,2992.55,3036.67,2991.65,3008.27,6732056.0
2017-08-08,0,3000.82,3059.16,2981.5,3059.16,9959399.0
2017-08-09,0,3044.9,3055.71,3022.89,3031.06,8267422.0
2017-08-10,0,3023.31,3051.92,2981.31,3001.14,8167519.0
2017-08-11,0,2974.63,3019.48,2968.25,2974.41,8110634.0
2017-08-14,0,2981.19,3083.71,2981.03,3082.51,10563934.0
2017-08-15,0,3087.46,3099.54,3064.84,3088.06,9139817.0
2017-08-16,0,3084.82,3181.86,3078.75,3165.35,14503697.0
2017-08-17,0,3150.08,3241.4,3144.23,3207.26,14856959.0
2017-08-18,0,3178.74,3206.06,3153.61,3160.65,9321325.0
2017-08-21,0,3165.14,3189.49,3154.11,3177.83,8072012.0
2017-08-22,0,3168.98,3170.02,3135.03,3145.31,7476447.0
2017-08-23,0,3144.53,3155.23,3119.94,3129.64,7708805.0
2017-08-24,0,3123.46,3127.45,3082.81,3091.1,7595815.0
2017-08-25,0,3094.78,3155.71,3094.78,3155.71,8122489.0
2017-08-28,0,3159.77,3250.35,3157.87,3216.41,11962999.0
2017-08-29,0,3210.48,3224.25,3190.91,3199.47,8299807.0
2017-08-30,0,3201.3,3235.36,3199.79,3206.77,8450819.0
2017-08-31,0,3207.9,3229.63,3203.93,3229.63,8222928.0
2017-09-01,0,3233.6,3303.85,3226.73,3301.64,11741187.0
2017-09-04,0,3287.46,3355.24,3285.91,3335.99,12820524.0
2017-09-05,0,3335.36,3353.31,3314.87,3319.3,10182381.0
2017-09-06,0,3308.16,3363.68,3299.42,3363.68,11032749.0
2017-09-07,0,3364.28,3405.56,3318.8,3320.17,12887326.0
2017-09-08,0,3311.93,3330.13,3288.8,3321.59,8440397.0
2017-09-11,0,3324.32,3342.45,3313.09,3335.16,7118437.0
2017-09-12,0,3336.12,3369.78,3316.64,3340.91,10983174.0
2017-09-13,0,3339.94,3366.94,3335.95,3353.95,7579397.0
2017-09-14,0,3360.12,3380.34,3339.48,3358.78,9110640.0
2017-09-15,0,3345.36,3351.06,3315.38,3325.03,7897368.0
2017-09-18,0,3322.95,3359.94,3322.95,3359.94,7349329.0
2017-09-19,0,3361.51,3365.79,3302.7,3311.71,7391215.0
2017-09-20,0,3309.21,3341.98,3304.25,3340.1,7605611.0
2017-09-21,0,3338.37,3350.27,3291.2,3291.2,8194329.0
2017-09-22,0,3283.91,3284.24,3243.85,3267.21,6734503.0
2017-09-25,0,3260.17,3276.16,3200.1,3206.57,5927903.0
2017-09-26,0,3203.36,3216.39,3185.74,3213.76,5295385.0
2017-09-27,0,3211.21,3242.28,3210.64,3231.42,4793562.0
2017-09-28,0,3226.1,3256.79,3223.7,3226.36,5850966.0
2017-09-29,0,3229.25,3258.87,3229.22,3258.19,5402093.0
2017-10-09,0,3313.92,3329.39,3302.06,3316.25,7664369.0
2017-10-10,0,3319.25,3375.07,3315.26,3375.07,7853329.0
2017-10-11,0,3368.26,3368.71,3332.16,3334.45,7350512.0
2017-10-12,0,3333.12,3363.26,3303.86,3327.01,7117318.0
2017-10-13,0,3323.05,3339.25,3306.67,3336.24,6584796.0
2017-10-16,0,3331.03,3333.78,3235.66,3235.66,7543712.0
2017-10-17,0,3232.13,3254.17,3219.27,3227.01,5122708.0
2017-10-18,0,3230.89,3253.45,3197.21,3197.21,6539619.0
2017-10-19,0,3197.92,3213.78,3158.67,3163.88,6386681.0
2017-10-20,0,3165.84,3203.12,3156.16,3202.82,5275775.0
2017-10-23,0,3203.93,3218.68,3200.46,3216.46,5136858.0
2017-10-24,0,3208.36,3208.76,3174.45,3208.76,5825158.0
2017-10-25,0,3203.65,3220.91,3197.05,3220.91,4835501.0
2017-10-26,0,3217.73,3235.01,3202.74,3221.42,5409340.0
2017-10-27,0,3222.26,3225.18,3183.11,3184.55,5191701.0
2017-10-30,0,3176.35,3179.65,3063.2,3070.58,7907788.0
2017-10-31,0,3067.02,3095.22,3064.6,3095.1,5220357.0
2017-11-01,0,3093.2,3120.36,3084.38,3101.95,5476169.0
2017-11-02,0,3106.27,3109.86,3078.5,3090.81,6072582.0
2017-11-03,0,3089.21,3097.19,3042.51,3060.01,5744947.0
2017-11-06,0,3058.53,3089.27,3036.33,3089.27,4285630.0
2017-11-07,0,3087.45,3119.05,3083.83,3119.05,5658826.0
2017-11-08,0,3117.56,3164.92,3112.42,3153.64,6596485.0
2017-11-09,0,3141.6,3191.65,3137.7,3186.55,7504287.0
2017-11-10,0,3178.05,3201.63,3168.72,3191.08,7817300.0
2017-11-13,0,3188.47,3189.93,3167.07,3189.4,7213845.0
2017-11-14,0,3185.99,3201.36,3162.77,3174.35,7155247.0
2017-11-15,0,3163.56,3172.72,3123.62,3127.54,5664280.0
2017-11-16,0,3121.64,3144.89,3110.15,3115.55,5177354.0
2017-11-17,0,3124.6,3129.32,3003.91,3009.81,7671239.0
2017-11-20,0,2995.18,3027.56,2930.1,3027.56,6469746.0
2017-11-21,0,3018.38,3055.92,3018.02,3046.54,6735693.0
2017-11-22,0,3041.49,3087.29,3029.61,3060.98,7822733.0
2017-11-23,0,3045.79,3055.8,2981.11,2981.11,6510672.0
2017-11-24,0,2968.55,3011.71,2965.46,2984.29,5058635.0
2017-11-27,0,2977.99,2989.34,2931.8,2938.28,5344972.0
2017-11-28,0,2937.39,3018.77,2937.39,3018.77,5662301.0
2017-11-29,0,3013.92,3015.74,2970.15,3014.09,5157899.0
2017-11-30,0,3009.39,3022.55,2974.89,2983.36,4653679.0
2017-12-01,0,2978.85,3039.82,2978.78,3037.91,5976507.0
2017-12-04,0,3026.45,3028.75,2984.98,2992.97,5065787.0
2017-12-05,0,2984.35,2996.81,2887.6,2909.97,5813626.0
2017-12-06,0,2901.6,2950.01,2877.7,2950.01,5061542.0
2017-12-07,0,2934.05,2967.86,2928.67,2942.4,5275651.0
2017-12-08,0,2937.75,2989.31,2937.07,2971.93,5350659.0
2017-12-11,0,3009.99,3057.42,3009.99,3047.16,7508454.0
2017-12-12,0,3049.27,3049.27,3011.33,3011.33,5785909.0
2017-12-13,0,3008.48,3025.39,2997.87,3023.24,4996450.0
2017-12-14,0,3018.89,3026.92,3000.57,3019.39,5968821.0
2017-12-15,0,3014.04,3025.88,2995.88,3005.36,5176178.0
2017-12-18,0,2998.84,3004.2,2953.26,2962.86,5367194.0
2017-12-19,0,2959.94,3017.08,2959.94,3015.83,7298840.0
2017-12-20,0,3001.92,3001.92,2954.26,2964.6,6538162.0
2017-12-21,0,2944.32,2970.05,2912.54,2953.42,6427645.0
2017-12-22,0,2939.61,2951.34,2912.81,2915.21,6079145.0
2017-12-25,0,2914.41,2916.21,2855.29,2857.93,5867742.0
2017-12-26,0,2854.92,2876.53,2844.71,2876.28,5051302.0
2017-12-27,0,2872.42,2872.42,2838.42,2841.49,4653703.0
2017-12-28,0,2833.21,2863.79,2827.73,2839.27,5377430.0
2017-12-29,0,2838.84,2856.89,2838.04,2854.51,4307522.0
2018-01-02,0,2862.2,2886.26,2851.61,2886.26,5249461.0
2018-01-03,0,2883.65,2916.68,2877.25,2914.98,6643093.0
2018-01-04,0,2908.82,2917.95,2897.84,2908.66,5422885.0
2018-01-05,0,2927.33,2946.15,2912.83,2914.2,7003208.0
2018-01-08,0,2901.74,2915.4,2866.74,2915.4,8209765.0
2018-01-09,0,2906.71,2906.89,2883.5,2890.6,5606983.0
2018-01-10,0,2895.97,2953.41,2887.0,2951.42,11010708.0
2018-01-11,0,2940.74,3065.15,2930.83,3038.26,17103030.0
2018-01-12,0,3032.12,3037.57,2977.31,2980.27,11873924.0
2018-01-15,0,2948.67,2950.17,2863.87,2872.55,10719816.0
2018-01-16,0,2875.01,2886.56,2858.81,2878.74,8789812.0
2018-01-17,0,2842.33,2877.5,2801.89,2858.42,10688241.0
2018-01-18,0,2849.51,2874.06,2841.73,2849.37,6043026.0
2018-01-19,0,2854.75,2892.16,2847.65,2872.51,8641416.0
2018-01-22,0,2867.87,2965.06,2850.06,2946.9,9980242.0
2018-01-23,0,2944.71,2966.57,2932.2,2954.28,7644994.0
2018-01-24,0,2946.65,3054.96,2927.93,3048.61,12538124.0
2018-01-25,0,3038.71,3104.01,3022.6,3022.6,11751603.0
2018-01-26,0,3018.74,3049.14,3015.62,3033.18,8116767.0
2018-01-29,0,3020.76,3033.6,2962.73,2978.89,8470423.0
2018-01-30,0,2974.22,3000.4,2960.58,2964.18,6097776.0
2018-01-31,0,2925.83,2927.16,2844.81,2848.99,9138949.0
2018-02-01,0,2848.1,2856.53,2760.7,2771.16,8411777.0
2018-02-02,0,2746.85,2804.46,2714.19,2759.3,7305112.0
2018-02-05,0,2714.25,2758.97,2709.23,2741.53,5038125.0
2018-02-06,0,2685.61,2728.54,2577.18,2583.71,8109028.0
2018-02-07,0,2635.32,2647.74,2549.23,2620.99,7680287.0
2018-02-08,0,2606.69,2668.38,2606.58,2659.89,6038764.0
2018-02-09,0,2586.04,2619.05,2528.35,2565.43,8102198.0
2018-02-12,0,2575.59,2656.05,2569.17,2642.21,6052497.0
2018-02-13,0,2656.12,2691.89,2646.19,2652.13,5816289.0
2018-02-14,0,2649.76,2656.32,2628.04,2639.76,3712692.0
2018-02-22,0,2664.04,2708.05,2654.44,2705.34,5008509.0
2018-02-23,0,2708.21,2715.33,2674.61,2693.91,4732618.0
2018-02-26,0,2718.94,2792.66,2708.55,2783.82,7914946.0
2018-02-27,0,2789.08,2857.99,2784.7,2835.58,9168517.0
2018-02-28,0,2812.31,2889.2,2798.58,2866.21,10102208.0
2018-03-01,0,2840.81,2974.53,2835.34,2974.53,12480801.0
2018-03-02,0,2951.51,2985.32,2909.11,2911.18,9907265.0
2018-03-05,0,2925.44,2955.53,2910.36,2955.53,8202311.0
2018-03-06,0,2965.02,2981.54,2942.1,2957.31,9393791.0
2018-03-07,0,2945.8,2961.07,2928.35,2931.85,6998129.0
2018-03-08,0,2927.29,2961.95,2926.23,2948.42,6663497.0
2018-03-09,0,2948.18,3083.0,2945.78,3075.69,14062691.0
2018-03-12,0,3100.98,3169.02,3100.98,3145.04,14015525.0
2018-03-13,0,3140.69,3198.5,3108.74,3141.67,12129944.0
2018-03-14,0,3124.52,3137.61,3063.44,3066.23,10611157.0
2018-03-15,0,3047.32,3088.36,3008.21,3088.36,9991315.0
2018-03-16,0,3093.28,3132.48,3066.49,3066.49,9707481.0
2018-03-19,0,3078.62,3154.87,3064.06,3110.16,9953071.0
2018-03-20,0,3073.32,3125.42,3056.11,3122.47,9061625.0
2018-03-21,0,3123.09,3158.79,3056.68,3056.68,9895158.0
2018-03-22,0,3061.31,3106.68,3044.2,3067.0,9075055.0
2018-03-23,0,2957.4,3007.42,2836.66,2873.34,12761398.0
2018-03-26,0,2833.24,3003.95,2821.01,3002.77,9975086.0
2018-03-27,0,3042.62,3152.3,3037.54,3151.53,14775802.0
2018-03-28,0,3102.06,3175.68,3097.98,3147.15,13720715.0
2018-03-29,0,3158.29,3204.45,3130.72,3164.32,12203521.0
2018-03-30,0,3186.16,3266.4,3176.73,3265.69,14809238.0
2018-04-02,0,3271.65,3341.79,3253.73,3289.15,16233476.0
2018-04-03,0,3224.18,3243.59,3180.49,3243.59,11679527.0
2018-04-04,0,3249.87,3259.7,3154.49,3160.33,9252499.0
2018-04-09,0,3151.24,3235.48,3118.69,3200.59,8760589.0
2018-04-10,0,3197.36,3201.75,3125.45,3187.12,9201583.0
2018-04-11,0,3194.39,3249.64,3192.54,3210.13,11303047.0
2018-04-12,0,3197.9,3233.4,3187.23,3190.71,9830414.0
2018-04-13,0,3217.5,3251.38,3211.21,3220.32,11064277.0
2018-04-16,0,3205.65,3323.13,3204.28,3314.25,16007785.0
2018-04-17,0,3326.53,3331.8,3180.41,3183.18,13603527.0
2018-04-18,0,3203.4,3348.36,3159.79,3329.15,15344636.0
2018-04-19,0,3317.63,3370.47,3290.72,3299.56,14376825.0
2018-04-20,0,3281.82,3331.28,3211.73,3214.82,14974010.0
2018-04-23,0,3235.82,3248.03,3086.05,3140.56,14776560.0
2018-04-24,0,3136.17,3274.3,3113.9,3273.83,15369314.0
2018-04-25,0,3255.48,3320.11,3249.86,3295.42,16652654.0
2018-04-26,0,3296.86,3307.86,3244.01,3247.07,14612231.0
2018-04-27,0,3267.34,3278.27,3190.32,3235.87,12771041.0
2018-05-02,0,3242.41,3275.16,3167.18,3198.07,11536280.0
2018-05-03,0,3182.89,3260.75,3101.82,3260.45,12248060.0
2018-05-04,0,3236.29,3267.54,3217.35,3222.32,9969046.0
2018-05-07,0,3232.02,3308.77,3227.55,3297.24,9808275.0
2018-05-08,0,3299.19,3314.36,3276.47,3313.85,9826309.0
2018-05-09,0,3309.15,3315.89,3274.65,3294.63,9276286.0
2018-05-10,0,3293.52,3297.3,3231.91,3270.0,9262408.0
2018-05-11,0,3275.33,3275.33,3211.51,3211.98,8558502.0
2018-05-14,0,3205.67,3229.63,3162.23,3170.87,7699609.0
2018-05-15,0,3171.58,3232.9,3155.19,3232.02,8336538.0
2018-05-16,0,3223.19,3228.55,3187.1,3191.92,8237811.0
2018-05-17,0,3191.72,3213.53,3171.5,3183.1,6980083.0
2018-05-18,0,3176.19,3205.93,3143.42,3201.79,6683598.0
2018-05-21,0,3218.3,3279.57,3218.3,3269.7,8435020.0
2018-05-22,0,3263.23,3270.81,3240.92,3270.81,7709512.0
2018-05-23,0,3256.17,3281.46,3244.7,3246.76,8545249.0
2018-05-24,0,3242.58,3265.25,3227.8,3227.8,6284451.0
2018-05-25,0,3226.12,3227.41,3145.82,3145.82,7392020.0
2018-05-28,0,3154.86,3163.53,3105.6,3113.3,9880820.0
2018-05-29,0,3108.12,3152.62,3092.85,3101.94,8892496.0
2018-05-30,0,3050.3,3088.84,3007.47,3011.71,9941315.0
2018-05-31,0,3043.03,3060.97,3002.04,3054.44,8856797.0
2018-06-01,0,3041.06,3055.37,2995.94,3016.52,7539081.0
2018-06-04,0,3033.11,3036.1,2980.55,2999.14,7216148.0
2018-06-05,0,3003.96,3087.53,3003.8,3087.53,7842272.0
2018-06-06,0,3080.72,3091.33,3050.46,3061.23,7010898.0
2018-06-07,0,3082.97,3090.81,3034.44,3035.58,6206000.0
2018-06-08,0,3019.02,3020.26,2956.92,2988.96,7479221.0
2018-06-11,0,2974.29,3009.29,2964.72,2975.03,5531653.0
2018-06-12,0,2977.82,3010.31,2931.17,3004.74,6173167.0
2018-06-13,0,2995.0,3000.93,2937.73,2937.85,5678014.0
2018-06-14,0,2926.98,2973.64,2916.76,2921.67,6536818.0
2018-06-15,0,2917.0,2920.43,2824.81,2853.65,7967639.0
2018-06-19,0,2800.65,2816.96,2618.08,2661.87,9286526.0
2018-06-20,0,2652.78,2733.77,2639.92,2707.76,7204357.0
2018-06-21,0,2703.33,2715.15,2602.82,2603.97,7143857.0
2018-06-22,0,2587.72,2678.41,2579.15,2666.57,6254223.0
2018-06-25,0,2690.55,2702.63,2636.9,2641.19,5833638.0
2018-06-26,0,2604.04,2742.01,2594.51,2734.12,7999786.0
2018-06-27,0,2742.17,2762.45,2710.02,2723.83,6368923.0
2018-06-28,0,2721.87,2765.74,2699.14,2703.92,6407414.0
2018-06-29,0,2708.49,2843.42,2708.49,2840.12,9618065.0
2018-07-02,0,2841.03,2848.99,2767.3,2795.77,7590171.0
2018-07-03,0,2790.45,2897.62,2766.04,2873.68,8903481.0
2018-07-04,0,2851.13,2851.23,2769.28,2785.35,7179495.0
2018-07-05,0,2775.53,2824.76,2738.62,2738.62,6767894.0
2018-07-06,0,2744.88,2825.45,2723.22,2761.4,8988637.0
2018-07-09,0,2765.34,2807.74,2763.1,2804.14,8356360.0
2018-07-10,0,2800.55,2801.33,2770.13,2797.94,6618411.0
2018-07-11,0,2743.51,2749.11,2654.57,2705.66,8736928.0
2018-07-12,0,2705.22,2815.99,2705.22,2805.87,9633397.0
2018-07-13,0,2807.46,2818.64,2780.69,2802.61,6779932.0
2018-07-16,0,2815.43,2831.72,2785.54,2814.74,7151315.0
2018-07-17,0,2806.77,2818.77,2760.76,2818.77,6717011.0
2018-07-18,0,2818.42,2828.43,2783.92,2783.92,6796693.0
2018-07-19,0,2775.56,2798.04,2744.67,2760.3,5569042.0
2018-07-20,0,2757.83,2857.07,2746.03,2846.47,10343467.0
2018-07-23,0,2850.78,2909.94,2842.64,2909.94,10204577.0
2018-07-24,0,2920.89,2968.73,2903.39,2947.98,10570795.0
2018-07-25,0,2947.06,2991.38,2937.15,2950.17,9621202.0
2018-07-26,0,2951.42,2951.57,2879.68,2889.99,9083216.0
2018-07-27,0,2877.42,2891.71,2843.59,2855.33,6922961.0
2018-07-30,0,2852.81,2867.65,2807.21,2823.87,6024439.0
2018-07-31,0,2824.15,2834.72,2792.64,2812.71,5175760.0
2018-08-01,0,2821.18,2862.99,2773.6,2773.6,6455148.0
2018-08-02,0,2766.96,2767.6,2644.46,2705.11,7860492.0
2018-08-03,0,2700.57,2712.71,2644.36,2644.36,5314517.0
2018-08-06,0,2641.11,2670.64,2597.72,2616.86,5187658.0
2018-08-07,0,2620.08,2704.73,2604.24,2704.5,6716317.0
2018-08-08,0,2692.57,2705.69,2640.75,2641.71,6201328.0
2018-08-09,0,2636.76,2785.1,2634.89,2763.15,9442693.0
2018-08-10,0,2762.04,2792.01,2752.25,2791.8,7586788.0
2018-08-13,0,2756.76,2868.56,2746.64,2858.92,9070653.0
2018-08-14,0,2843.07,2843.07,2803.83,2819.22,6188947.0
2018-08-15,0,2816.88,2819.56,2746.24,2758.85,6144043.0
2018-08-16,0,2719.0,2773.02,2695.34,2730.05,6993311.0
2018-08-17,0,2758.49,2778.33,2680.4,2685.76,7500205.0
2018-08-20,0,2684.28,2759.59,2671.92,2759.59,8533899.0
2018-08-21,0,2753.39,2788.02,2732.84,2776.52,8168898.0
2018-08-22,0,2767.28,2774.69,2726.68,2730.89,5879947.0
2018-08-23,0,2729.67,2798.62,2728.85,2781.03,8205451.0
2018-08-24,0,2771.89,2800.31,2763.22,2777.43,6779450.0
2018-08-27,0,2777.01,2862.3,2776.98,2849.08,8427978.0
2018-08-28,0,2848.45,2863.15,2827.4,2842.98,6330879.0
2018-08-29,0,2846.21,2846.21,2811.86,2823.06,6322620.0
2018-08-30,0,2814.63,2820.52,2765.38,2771.02,6055972.0
2018-08-31,0,2762.97,2790.09,2745.69,2747.9,5004236.0
2018-09-03,0,2741.92,2799.97,2695.79,2799.97,6870855.0
2018-09-04,0,2792.05,2879.39,2787.48,2856.73,9250532.0
2018-09-05,0,2838.04,2860.49,2798.42,2798.83,7116989.0
2018-09-06,0,2785.33,2857.39,2778.71,2822.9,8027135.0
2018-09-07,0,2817.24,2866.0,2749.9,2763.21,9724608.0
2018-09-10,0,2748.22,2748.22,2677.89,2681.27,8262915.0
2018-09-11,0,2675.44,2727.43,2666.08,2706.19,6282979.0
2018-09-12,0,2703.03,2732.83,2678.14,2690.41,5192367.0
2018-09-13,0,2721.0,2735.6,2672.69,2726.92,6018355.0
2018-09-14,0,2726.19,2726.49,2634.7,2638.59,6966657.0
2018-09-17,0,2621.53,2625.94,2580.89,2602.7,5371788.0
2018-09-18,0,2595.43,2662.98,2594.32,2662.92,6102449.0
2018-09-19,0,2652.7,2720.78,2637.25,2688.69,7762633.0
2018-09-20,0,2680.98,2699.7,2663.01,2672.42,4971418.0
2018-09-21,0,2681.16,2711.24,2650.95,2710.35,6702485.0
2018-09-25,0,2693.36,2725.91,2684.99,2707.26,4683238.0
2018-09-26,0,2706.48,2731.12,2687.48,2710.62,6145181.0
2018-09-27,0,2708.02,2721.4,2661.92,2662.4,6782764.0
2018-09-28,0,2671.22,2676.77,2629.01,2669.31,5790004.0
2018-10-08,0,2613.42,2619.01,2550.61,2555.02,5480178.0
2018-10-09,0,2562.15,2583.2,2516.91,2532.48,4395874.0
2018-10-10,0,2540.34,2560.07,2516.41,2544.49,4104881.0
2018-10-11,0,2451.13,2461.53,2327.12,2338.02,8251424.0
2018-10-12,0,2319.03,2354.44,2246.55,2338.17,7264997.0
2018-10-15,0,2351.99,2373.9,2301.31,2308.89,5871909.0
2018-10-16,0,2310.01,2330.64,2227.18,2247.54,6143496.0
2018-10-17,0,2281.24,2342.35,2255.36,2333.74,7510416.0
2018-10-18,0,2315.69,2335.12,2284.17,2287.45,6452750.0
2018-10-19,0,2254.05,2396.17,2249.11,2390.34,8467974.0
2018-10-22,0,2421.32,2539.7,2419.92,2513.62,11153946.0
2018-10-23,0,2510.19,2512.47,2439.15,2456.24,7809374.0
2018-10-24,0,2450.64,2472.19,2418.7,2435.44,6259593.0
2018-10-25,0,2349.75,2423.75,2339.44,2414.95,7148429.0
2018-10-26,0,2434.33,2449.56,2387.27,2398.26,5972112.0
2018-10-29,0,2395.06,2422.97,2370.2,2385.46,5361183.0
2018-10-30,0,2379.8,2440.21,2329.49,2409.21,8223250.0
2018-10-31,0,2404.0,2446.48,2386.53,2421.1,6409866.0
2018-11-01,0,2454.01,2503.88,2448.13,2451.5,9769067.0
2018-11-02,0,2502.73,2530.09,2495.01,2529.26,10717739.0
2018-11-05,0,2520.17,2551.48,2472.56,2522.58,9618080.0
2018-11-06,0,2508.4,2510.09,2471.81,2507.12,9009085.0
2018-11-07,0,2505.97,2552.7,2500.88,2515.36,10161627.0
2018-11-08,0,2535.62,2539.75,2470.34,2470.34,8583724.0
2018-11-09,0,2458.05,2493.61,2453.1,2471.32,6655923.0
2018-11-12,0,2468.97,2564.46,2465.96,2564.46,9227248.0
2018-11-13,0,2531.54,2626.69,2527.07,2604.81,14191447.0
2018-11-14,0,2603.2,2626.44,2585.76,2597.34,11415495.0
2018-11-15,0,2590.38,2667.15,2589.5,2665.23,12831134.0
2018-11-16,0,2663.82,2717.72,2655.41,2684.72,13216704.0
2018-11-19,0,2683.22,2689.47,2642.45,2673.76,9787147.0
2018-11-20,0,2649.72,2659.24,2588.08,2591.24,10629956.0
2018-11-21,0,2562.51,2593.21,2551.8,2589.47,9368293.0
2018-11-22,0,2596.07,2606.87,2562.24,2581.6,9654586.0
2018-11-23,0,2578.15,2580.5,2466.05,2477.1,9765036.0
2018-11-26,0,2473.68,2496.64,2457.54,2473.83,5768339.0
2018-11-27,0,2491.58,2518.88,2472.57,2494.09,6436839.0
2018-11-28,0,2491.27,2528.16,2457.81,2528.16,8286034.0
2018-11-29,0,2534.7,2541.27,2447.64,2447.64,8071089.0
2018-11-30,0,2431.41,2462.1,2398.95,2458.6,7385936.0
2018-12-03,0,2532.55,2554.24,2508.8,2540.56,12843742.0
2018-12-04,0,2530.21,2543.05,2516.18,2539.47,9872865.0
2018-12-05,0,2486.41,2541.3,2479.95,2524.03,9861770.0
2018-12-06,0,2504.18,2504.18,2455.43,2462.05,8516743.0
2018-12-07,0,2470.89,2488.0,2460.03,2466.54,5955439.0
2018-12-10,0,2444.73,2463.65,2436.7,2449.6,6193665.0
2018-12-11,0,2456.41,2470.0,2450.51,2469.22,6186825.0
2018-12-12,0,2474.94,2478.57,2449.53,2455.66,5031912.0
2018-12-13,0,2463.88,2505.6,2445.48,2489.2,7089991.0
2018-12-14,0,2482.73,2482.94,2412.28,2414.39,6971807.0
2018-12-17,0,2404.17,2413.71,2378.83,2404.32,4924768.0
2018-12-18,0,2392.24,2414.03,2364.03,2388.05,5484294.0
2018-12-19,0,2391.62,2392.1,2349.35,2355.15,5546929.0
2018-12-20,0,2348.65,2378.45,2345.31,2378.45,5664308.0
2018-12-21,0,2369.27,2395.22,2360.32,2380.83,6574154.0
2018-12-24,0,2377.52,2412.21,2367.37,2411.68,5553947.0
2018-12-25,0,2383.76,2405.69,2328.38,2397.01,8064977.0
2018-12-26,0,2392.12,2407.32,2368.54,2371.04,5993956.0
2018-12-27,0,2409.18,2412.56,2325.78,2325.8,6704636.0
2018-12-28,0,2331.86,2340.54,2298.8,2315.49,6197307.0
2019-01-02,0,2318.69,2322.78,2294.3,2304.25,5792615.0
2019-01-03,0,2301.23,2341.2,2295.38,2296.69,6790193.0
2019-01-04,0,2268.24,2381.73,2263.08,2380.99,9640584.0
2019-01-07,0,2390.32,2438.19,2385.78,2432.74,9528188.0
2019-01-08,0,2424.02,2444.8,2414.84,2425.2,7769036.0
2019-01-09,0,2427.58,2466.33,2420.19,2421.23,9372834.0
2019-01-10,0,2420.44,2438.83,2408.05,2411.63,7158863.0
2019-01-11,0,2420.42,2444.21,2413.38,2437.85,6252638.0
2019-01-14,0,2442.23,2443.94,2399.66,2406.09,5773129.0
2019-01-15,0,2403.28,2468.23,2403.28,2465.83,8102954.0
2019-01-16,0,2471.61,2517.98,2468.8,2469.66,9538510.0
2019-01-17,0,2467.42,2467.93,2433.3,2436.38,7691734.0
2019-01-18,0,2437.75,2453.13,2419.18,2448.44,6617394.0
2019-01-21,0,2453.78,2482.3,2439.12,2460.42,6345099.0
2019-01-22,0,2459.58,2459.58,2415.09,2422.98,6243524.0
2019-01-23,0,2417.77,2426.21,2406.4,2421.45,4383616.0
2019-01-24,0,2426.03,2479.53,2414.66,2460.7,7111278.0
2019-01-25,0,2463.96,2472.43,2445.82,2446.31,6525831.0
2019-01-28,0,2473.65,2479.64,2431.74,2437.96,7565171.0
2019-01-29,0,2430.5,2430.63,2355.69,2392.26,7484616.0
2019-01-30,0,2376.95,2396.25,2351.48,2352.52,5485079.0
2019-01-31,0,2357.07,2380.65,2317.49,2331.77,7940687.0
2019-02-01,0,2342.76,2413.82,2342.76,2413.01,7354468.0
2019-02-11,0,2429.62,2503.86,2429.62,2502.92,8685534.0
2019-02-12,0,2502.46,2539.43,2497.68,2524.98,8568468.0
2019-02-13,0,2529.52,2608.57,2521.5,2596.03,13010633.0
2019-02-14,0,2592.84,2615.15,2579.64,2600.32,9788599.0
2019-02-15,0,2595.61,2613.87,2576.19,2581.61,9669295.0
2019-02-18,0,2603.25,2697.71,2603.25,2697.71,13036188.0
2019-02-19,0,2709.5,2779.38,2695.95,2736.0,17399050.0
2019-02-20,0,2733.12,2739.18,2683.92,2720.83,12447574.0
2019-02-21,0,2714.77,2800.21,2700.98,2729.35,16692213.0
2019-02-22,0,2725.86,2866.41,2721.74,2866.25,18568136.0
2019-02-25,0,2999.95,3093.52,2974.16,3089.7,24358216.0
2019-02-26,0,3165.81,3196.86,3093.08,3106.96,31511770.0
2019-02-27,0,3102.31,3141.93,3002.82,3052.14,26318863.0
2019-02-28,0,3037.94,3082.75,3015.18,3072.28,20949244.0
2019-03-01,0,3091.28,3147.9,3042.42,3131.21,20336489.0
2019-03-04,0,3186.82,3310.75,3164.91,3203.35,29041583.0
2019-03-05,0,3181.52,3319.48,3171.68,3319.48,25765425.0
2019-03-06,0,3344.75,3439.13,3294.58,3425.02,30813179.0
2019-03-07,0,3414.34,3565.3,3384.24,3498.63,31018473.0
2019-03-08,0,3374.14,3566.84,3339.28,3375.59,33562960.0
2019-03-11,0,3426.9,3512.9,3348.95,3512.89,31050631.0
2019-03-12,0,3525.01,3656.84,3522.53,3628.59,35026985.0
2019-03-13,0,3625.11,3625.11,3431.77,3453.21,34974608.0
2019-03-14,0,3400.84,3435.52,3259.37,3318.56,25181040.0
2019-03-15,0,3346.41,3369.26,3278.09,3312.08,19106266.0
2019-03-18,0,3310.84,3389.13,3263.59,3389.13,19189149.0
2019-03-19,0,3391.34,3489.54,3374.81,3433.22,21099770.0
2019-03-20,0,3441.58,3461.29,3351.4,3420.81,24284598.0
2019-03-21,0,3437.34,3548.45,3417.48,3508.53,30083464.0
2019-03-22,0,3495.33,3500.01,3399.41,3471.03,22143090.0
2019-03-25,0,3395.35,3477.68,3384.33,3405.86,19207158.0
2019-03-26,0,3426.59,3474.87,3345.67,3359.8,20980616.0
2019-03-27,0,3381.74,3391.46,3256.8,3350.08,19741159.0
2019-03-28,0,3319.04,3414.08,3307.64,3314.58,20038446.0
2019-03-29,0,3327.26,3472.12,3289.31,3471.89,26710085.0
2019-04-01,0,3536.69,3675.18,3536.69,3667.6,29889759.0
2019-04-02,0,3700.89,3799.58,3665.86,3678.08,32142133.0
2019-04-03,0,3657.2,3727.1,3639.38,3720.41,27314433.0
2019-04-04,0,3735.13,3752.12,3669.36,3709.76,26400434.0
2019-04-08,0,3722.92,3728.33,3565.99,3631.5,25064725.0
2019-04-09,0,3604.17,3674.83,3587.04,3643.68,18952320.0
2019-04-10,0,3592.01,3605.73,3526.2,3565.74,19221359.0
2019-04-11,0,3561.57,3574.38,3482.18,3490.91,16344876.0
2019-04-12,0,3490.15,3526.58,3471.58,3501.92,12575305.0
2019-04-15,0,3577.83,3600.54,3457.44,3460.89,18283179.0
2019-04-16,0,3431.3,3554.94,3405.13,3553.69,17873561.0
2019-04-17,0,3542.59,3566.28,3507.25,3523.61,15523755.0
2019-04-18,0,3517.01,3534.68,3478.9,3488.01,13849133.0
2019-04-19,0,3492.36,3529.92,3481.43,3526.59,14488634.0
2019-04-22,0,3537.45,3540.99,3449.72,3462.91,17929297.0
2019-04-23,0,3449.43,3472.68,3389.04,3410.81,14126125.0
2019-04-24,0,3415.08,3490.26,3376.44,3489.52,12499189.0
2019-04-25,0,3475.73,3488.29,3348.55,3349.88,14271633.0
2019-04-26,0,3325.46,3420.85,3325.46,3346.77,14224333.0
2019-04-29,0,3355.12,3365.67,3195.61,3205.98,17658175.0
2019-04-30,0,3195.06,3245.43,3149.1,3191.69,12431366.0
2019-05-06,0,3036.68,3051.72,2886.48,2899.2,15527646.0
2019-05-07,0,2913.54,2932.04,2846.66,2911.84,13333381.0
2019-05-08,0,2838.01,2976.87,2826.07,2912.36,12002984.0
2019-05-09,0,2888.18,2954.2,2888.18,2912.72,10412120.0
2019-05-10,0,2957.68,3072.68,2896.13,3071.57,16406272.0
2019-05-13,0,3039.24,3075.99,3005.8,3022.02,11054563.0
2019-05-14,0,2991.73,3053.63,2991.73,3007.98,10818111.0
2019-05-15,0,3040.31,3064.25,3022.03,3054.58,13063222.0
2019-05-16,0,3048.65,3049.97,3004.1,3028.92,11582990.0
2019-05-17,0,3040.64,3071.39,2895.96,2914.09,14402222.0
2019-05-20,0,2922.4,2975.57,2899.51,2964.84,12180962.0
2019-05-21,0,2957.3,3035.94,2935.29,3006.32,12438468.0
2019-05-22,0,3008.63,3067.37,3001.33,3056.21,14130144.0
2019-05-23,0,3051.19,3051.19,2938.33,2948.35,14739214.0
2019-05-24,0,2926.0,2962.58,2901.15,2902.43,11044621.0
2019-05-27,0,2911.58,3035.2,2900.45,3029.11,15338094.0
2019-05-28,0,3028.89,3054.48,3005.76,3038.47,14115730.0
2019-05-29,0,3017.07,3061.58,3007.16,3028.95,11605696.0
2019-05-30,0,3015.63,3015.87,2945.5,2987.62,11642933.0
2019-05-31,0,2988.18,3021.41,2965.36,2972.26,8648091.0
2019-06-03,0,2983.13,2996.1,2921.65,2942.65,11182885.0
2019-06-04,0,2938.08,2948.02,2889.73,2911.95,8919741.0
2019-06-05,0,2947.65,2956.39,2908.7,2912.4,8664071.0
2019-06-06,0,2911.1,2912.08,2844.04,2851.67,9499088.0
2019-06-10,0,2858.26,2898.14,2825.61,2878.31,8997507.0
2019-06-11,0,2879.96,3011.9,2861.5,3011.75,15652486.0
2019-06-12,0,3005.82,3016.52,2974.81,2977.9,11868067.0
2019-06-13,0,2979.89,3019.29,2977.55,2999.44,12568368.0
2019-06-14,0,3008.6,3027.7,2917.89,2921.5,12099267.0
2019-06-17,0,2913.46,2927.22,2887.78,2908.07,8718092.0
2019-06-18,0,2906.01,2939.95,2888.65,2922.25,8447811.0
2019-06-19,0,3022.15,3038.53,2971.72,2971.76,15786501.0
2019-06-20,0,2960.85,3075.43,2947.82,3047.68,18149390.0
2019-06-21,0,3081.33,3163.78,3081.33,3161.29,20027799.0
2019-06-24,0,3189.86,3208.26,3125.01,3151.28,17034337.0
2019-06-25,0,3136.65,3137.96,3039.84,3094.16,14101277.0
2019-06-26,0,3059.72,3110.47,3051.01,3075.38,10929076.0
2019-06-27,0,3091.62,3137.22,3091.62,3109.73,12516539.0
2019-06-28,0,3094.43,3094.43,3033.02,3062.71,10869225.0
2019-07-01,0,3151.52,3188.21,3131.7,3187.86,16269143.0
2019-07-02,0,3180.69,3185.29,3141.77,3155.95,11612485.0
2019-07-03,0,3140.94,3141.27,3071.75,3085.03,9740851.0
2019-07-04,0,3098.45,3110.29,3052.63,3069.8,7751773.0
2019-07-05,0,3074.36,3094.56,3048.87,3087.75,7536017.0
2019-07-08,0,3074.97,3075.39,2942.95,2956.56,11475597.0
2019-07-09,0,2958.67,2974.36,2928.25,2961.53,7891119.0
2019-07-10,0,2967.09,2974.68,2933.28,2946.31,7057054.0
2019-07-11,0,2964.04,2988.06,2923.34,2938.05,7948036.0
2019-07-12,0,2935.49,2952.76,2909.41,2938.18,7382941.0
2019-07-15,0,2931.4,3054.12,2903.78,3023.65,11665231.0
2019-07-16,0,3012.01,3034.93,3004.27,3018.35,7769323.0
2019-07-17,0,3016.43,3051.76,3008.62,3028.38,10377992.0
2019-07-18,0,2995.47,2995.47,2954.88,2954.88,10149673.0
2019-07-19,0,2966.35,3015.97,2966.32,2977.22,8422017.0
2019-07-22,0,2983.75,2986.81,2889.03,2900.95,8563336.0
2019-07-23,0,2905.97,2955.91,2904.17,2954.49,6602334.0
2019-07-24,0,2962.93,3023.57,2962.44,2996.69,9451092.0
2019-07-25,0,2992.36,3036.92,2989.78,3027.19,8267952.0
2019-07-26,0,3019.0,3027.52,3002.29,3020.16,7100679.0
2019-07-29,0,3017.32,3033.71,2989.43,3006.7,6653484.0
2019-07-30,0,3010.0,3065.16,3009.92,3030.62,8895533.0
2019-07-31,0,3026.49,3038.25,3017.79,3027.1,6997994.0
2019-08-01,0,3013.71,3036.31,2998.95,3021.45,7375427.0
2019-08-02,0,2941.59,2978.58,2931.51,2973.66,9144076.0
2019-08-05,0,2966.07,3008.26,2925.71,2926.83,9385232.0
2019-08-06,0,2861.38,2866.07,2773.78,2854.95,13131059.0
2019-08-07,0,2869.83,2876.09,2815.19,2815.19,8281846.0
2019-08-08,0,2841.28,2862.92,2832.89,2845.83,7704497.0
2019-08-09,0,2866.49,2871.27,2797.61,2803.35,8369407.0
2019-08-12,0,2814.32,2881.1,2799.79,2881.1,8991658.0
2019-08-13,0,2847.35,2854.04,2818.28,2835.83,7007869.0
2019-08-14,0,2882.87,2892.44,2845.2,2848.59,8614112.0
2019-08-15,0,2765.03,2889.2,2757.21,2885.53,10842071.0
2019-08-16,0,2877.62,2943.11,2875.72,2911.83,11091269.0
2019-08-19,0,2968.01,3088.46,2963.14,3085.98,18461857.0
2019-08-20,0,3108.3,3126.8,3070.86,3077.92,17191357.0
2019-08-21,0,3072.26,3098.93,3063.82,3079.56,13396410.0
2019-08-22,0,3086.93,3108.06,3067.49,3106.23,12433928.0
2019-08-23,0,3132.34,3166.84,3092.77,3098.62,16144069.0
2019-08-26,0,3013.01,3051.68,3011.06,3033.86,13223694.0
2019-08-27,0,3063.69,3143.06,3055.82,3113.99,15066403.0
2019-08-28,0,3112.89,3132.72,3090.62,3108.18,13989224.0
2019-08-29,0,3114.57,3182.42,3105.67,3149.76,17768757.0
2019-08-30,0,3181.06,3202.48,3073.14,3093.27,19419556.0
2019-09-02,0,3098.03,3226.44,3087.0,3215.1,18211257.0
2019-09-03,0,3216.84,3254.04,3196.74,3245.28,18107645.0
2019-09-04,0,3227.95,3290.52,3223.75,3290.52,17782256.0
2019-09-05,0,3334.24,3447.75,3334.02,3376.83,27640197.0
2019-09-06,0,3414.62,3446.15,3367.46,3419.18,21575660.0
2019-09-09,0,3474.02,3555.62,3450.07,3555.62,27906621.0
2019-09-10,0,3552.25,3571.53,3485.43,3540.07,27030402.0
2019-09-11,0,3559.61,3560.65,3479.48,3487.52,20924710.0
2019-09-12,0,3501.41,3529.71,3474.55,3520.01,18818021.0
2019-09-16,0,3533.83,3571.92,3519.0,3537.17,29739097.0
2019-09-17,0,3519.21,3519.21,3409.98,3438.05,29261907.0
2019-09-18,0,3445.64,3448.99,3390.66,3409.05,22964939.0
2019-09-19,0,3421.98,3447.79,3385.5,3447.79,20982027.0
2019-09-20,0,3460.89,3465.65,3425.0,3437.47,20539231.0
2019-09-23,0,3413.13,3413.13,3353.6,3397.42,21734274.0
2019-09-24,0,3399.15,3474.43,3389.81,3430.26,25940419.0
2019-09-25,0,3398.61,3409.6,3354.77,3381.35,26860492.0
2019-09-26,0,3384.95,3388.09,3234.8,3236.6,25911822.0
2019-09-27,0,3237.77,3289.93,3237.73,3268.12,17031034.0
2019-09-30,0,3272.4,3290.5,3212.1,3212.1,15387964.0
2019-10-08,0,3223.19,3254.0,3201.68,3201.73,13792180.0
2019-10-09,0,3180.98,3230.31,3153.23,3230.31,15740648.0
2019-10-10,0,3233.13,3287.79,3226.81,3284.09,19145384.0
2019-10-11,0,3289.23,3333.18,3251.54,3302.71,22837352.0
2019-10-14,0,3345.97,3386.28,3326.27,3359.05,24752448.0
2019-10-15,0,3339.21,3339.32,3264.32,3266.51,20528434.0
2019-10-16,0,3273.28,3293.44,3247.41,3249.5,17107003.0
2019-10-17,0,3251.68,3279.08,3237.99,3252.36,15303144.0
2019-10-18,0,3258.19,3268.42,3176.21,3176.21,17413431.0
2019-10-21,0,3175.59,3175.59,3122.01,3172.52,13299366.0
2019-10-22,0,3177.68,3234.24,3177.68,3234.24,14599647.0
2019-10-23,0,3235.67,3245.82,3191.11,3200.42,16222332.0
2019-10-24,0,3193.46,3210.28,3161.83,3197.4,15918907.0
2019-10-25,0,3188.85,3225.25,3158.62,3217.61,16698364.0
2019-10-28,0,3410.72,3430.58,3357.71,3421.87,29933531.0
2019-10-29,0,3444.39,3444.39,3329.8,3329.82,42973230.0
2019-10-30,0,3311.14,3332.11,3269.66,3277.2,34698871.0
2019-10-31,0,3277.12,3293.4,3226.32,3228.5,26566952.0
2019-11-01,0,3205.24,3267.12,3200.05,3259.45,22035531.0
2019-11-04,0,3273.75,3332.06,3272.8,3285.36,22936635.0
2019-11-05,0,3286.32,3325.31,3275.09,3312.65,21745491.0
2019-11-06,0,3301.6,3302.47,3240.13,3253.07,20041192.0
2019-11-07,0,3248.79,3296.45,3244.87,3286.16,19212093.0
2019-11-08,0,3315.31,3331.35,3275.79,3275.83,20241341.0
2019-11-11,0,3247.35,3250.59,3195.38,3201.09,18543718.0
2019-11-12,0,3201.61,3207.38,3149.24,3202.56,16401965.0
2019-11-13,0,3192.79,3201.43,3174.9,3195.84,14569500.0
2019-11-14,0,3195.92,3241.48,3191.29,3228.35,14996185.0
2019-11-15,0,3219.58,3249.82,3189.32,3189.32,17333866.0
2019-11-18,0,3182.22,3231.42,3179.56,3217.97,12931099.0
2019-11-19,0,3215.48,3277.33,3209.12,3277.33,16721736.0
2019-11-20,0,3273.73,3301.44,3233.11,3236.83,16629085.0
2019-11-21,0,3217.53,3252.01,3205.61,3228.07,13633163.0
2019-11-22,0,3227.0,3263.68,3157.55,3172.22,17134851.0
2019-11-25,0,3168.46,3169.11,3086.33,3098.39,14414548.0
2019-11-26,0,3112.35,3124.62,3080.85,3098.66,11442798.0
2019-11-27,0,3092.51,3106.96,3071.5,3087.03,11329821.0
2019-11-28,0,3082.91,3096.76,3065.54,3074.2,10720033.0
2019-11-29,0,3072.54,3095.88,3053.39,3080.48,10260577.0
2019-12-02,0,3090.62,3115.65,3081.07,3094.53,11233758.0
2019-12-03,0,3074.5,3104.92,3052.22,3104.92,10491432.0
2019-12-04,0,3078.37,3107.3,3076.04,3103.24,9739268.0
2019-12-05,0,3116.21,3175.45,3115.67,3168.04,16428166.0
2019-12-06,0,3167.93,3175.88,3139.4,3175.5,14807665.0
2019-12-09,0,3182.92,3211.14,3169.16,3205.22,16943505.0
2019-12-10,0,3198.22,3235.4,3186.42,3231.25,17355040.0
2019-12-11,0,3236.04,3253.8,3220.46,3224.35,18387993.0
2019-12-12,0,3226.75,3253.11,3212.02,3224.34,16258826.0
2019-12-13,0,3266.72,3314.35,3257.28,3312.36,23108301.0
2019-12-16,0,3314.31,3380.57,3306.23,3380.02,24805379.0
2019-12-17,0,3383.46,3458.26,3377.45,3417.62,30324619.0
2019-12-18,0,3420.53,3454.76,3402.31,3407.92,25002520.0
2019-12-19,0,3409.91,3427.88,3387.61,3411.44,22716042.0
2019-12-20,0,3415.29,3418.73,3334.66,3334.66,21797164.0
2019-12-23,0,3322.36,3322.8,3235.15,3237.46,18372407.0
2019-12-24,0,3248.9,3278.52,3237.31,3276.8,12996992.0
2019-12-25,0,3273.12,3323.8,3267.4,3307.01,17906835.0
2019-12-26,0,3310.94,3334.59,3287.61,3334.5,16378462.0
2019-12-27,0,3337.56,3348.32,3268.56,3271.12,19867756.0
2019-12-30,0,3252.86,3333.7,3210.18,3319.94,19633153.0
2019-12-31,0,3316.22,3344.1,3301.62,3328.25,16078779.0
2020-01-02,0,3362.36,3418.96,3348.42,3406.13,24582840.0
2020-01-03,0,3412.71,3439.11,3387.39,3435.83,22585034.0
2020-01-06,0,3408.5,3498.94,3393.92,3454.75,26168005.0
2020-01-07,0,3460.42,3519.25,3451.95,3517.14,27917214.0
2020-01-08,0,3488.0,3504.53,3430.99,3437.81,27596045.0
2020-01-09,0,3484.64,3541.76,3484.64,3534.29,29371028.0
2020-01-10,0,3566.25,3572.2,3508.26,3524.51,26711732.0
2020-01-13,0,3516.7,3587.68,3500.64,3587.68,24585743.0
2020-01-14,0,3601.29,3601.41,3552.71,3556.78,22430143.0
2020-01-15,0,3551.5,3601.55,3547.1,3596.02,25459526.0
2020-01-16,0,3602.42,3611.7,3579.84,3589.54,22054769.0
2020-01-17,0,3617.01,3665.48,3600.74,3628.7,22036456.0
2020-01-20,0,3640.45,3680.34,3596.21,3677.04,22108727.0
2020-01-21,0,3653.79,3657.55,3587.59,3588.05,20185923.0
2020-01-22,0,3560.63,3658.0,3525.64,3636.63,21838669.0
2020-01-23,0,3579.98,3624.2,3447.99,3487.15,25719978.0
2020-02-03,0,3144.37,3181.45,3144.37,3161.7,7157183.0
2020-02-04,0,3028.28,3220.92,3028.28,3203.52,30525502.0
2020-02-05,0,3226.9,3340.52,3219.55,3264.54,25549693.0
2020-02-06,0,3280.75,3435.13,3262.78,3426.05,27931689.0
2020-02-07,0,3443.72,3544.38,3434.45,3543.79,29707148.0
2020-02-10,0,3553.83,3608.06,3514.44,3569.95,26734346.0
2020-02-11,0,3579.3,3580.86,3525.54,3546.48,21328768.0
2020-02-12,0,3531.68,3699.23,3526.26,3698.63,26224011.0
2020-02-13,0,3695.83,3737.72,3645.35,3664.06,25338940.0
2020-02-14,0,3651.84,3779.6,3651.01,3694.22,27380619.0
2020-02-17,0,3742.96,3826.31,3732.92,3826.31,31086684.0
2020-02-18,0,3823.85,3873.54,3799.64,3873.15,32517918.0
2020-02-19,0,3842.59,3887.2,3812.23,3812.37,29063991.0
2020-02-20,0,3812.97,3948.83,3783.56,3939.15,34835335.0
2020-02-21,0,3961.2,4121.08,3960.61,4050.68,46247489.0
2020-02-24,0,4025.42,4166.69,4010.43,4129.46,45841437.0
2020-02-25,0,4017.9,4145.35,3884.14,4130.13,47744538.0
2020-02-26,0,4048.29,4100.59,3931.62,3951.14,41854162.0
2020-02-27,0,3979.24,4122.17,3920.49,4052.35,33958475.0
2020-02-28,0,3888.78,3952.89,3756.09,3763.84,37724571.0
2020-03-02,0,3826.62,3971.73,3766.88,3931.92,30889695.0
2020-03-03,0,4022.21,4160.88,3971.0,4025.12,36513836.0
2020-03-04,0,4020.69,4079.11,3924.53,4035.56,33326818.0
2020-03-05,0,4114.79,4124.86,3967.41,4035.41,34711604.0
2020-03-06,0,3961.1,4005.01,3937.23,3954.35,25048554.0
2020-03-09,0,3854.63,3864.09,3718.59,3720.44,31149788.0
2020-03-10,0,3705.01,3884.17,3674.81,3884.17,29979100.0
2020-03-11,0,3890.26,3905.67,3768.17,3771.17,25468131.0
2020-03-12,0,3705.71,3754.08,3665.21,3712.54,20164340.0
2020-03-13,0,3527.05,3740.41,3527.05,3694.47,24997598.0
2020-03-16,0,3705.06,3712.23,3457.3,3473.26,25269952.0
2020-03-17,0,3536.15,3561.55,3392.83,3522.43,20894929.0
2020-03-18,0,3555.28,3613.71,3449.76,3451.77,21542063.0
2020-03-19,0,3444.5,3526.76,3377.34,3501.94,21709838.0
2020-03-20,0,3544.67,3557.82,3451.55,3521.89,17372131.0
2020-03-23,0,3404.36,3458.21,3345.22,3359.19,16294633.0
2020-03-24,0,3436.13,3467.56,3326.83,3447.38,19280855.0
2020-03-25,0,3530.85,3541.36,3484.79,3521.25,20172766.0
2020-03-26,0,3491.95,3550.18,3480.8,3498.35,15205684.0
2020-03-27,0,3542.12,3546.25,3446.98,3448.87,15305279.0
2020-03-30,0,3378.24,3378.24,3285.42,3342.07,15838434.0
2020-03-31,0,3386.97,3393.21,3328.67,3331.08,13256311.0
2020-04-01,0,3315.75,3394.51,3311.49,3318.3,13481915.0
2020-04-02,0,3310.11,3437.57,3304.55,3437.57,15026610.0
2020-04-03,0,3418.2,3430.08,3362.42,3377.09,12498467.0
2020-04-07,0,3464.44,3518.27,3463.18,3512.64,20663580.0
2020-04-08,0,3500.05,3532.19,3490.29,3507.72,19328357.0
2020-04-09,0,3536.57,3578.76,3536.57,3563.28,21521395.0
2020-04-10,0,3563.07,3563.07,3435.18,3447.4,21504829.0
2020-04-13,0,3412.1,3419.19,3365.49,3389.63,13275160.0
2020-04-14,0,3414.26,3473.97,3410.28,3473.97,15182333.0
2020-04-15,0,3487.72,3527.07,3462.55,3463.86,18808715.0
2020-04-16,0,3447.69,3557.17,3442.63,3543.21,23958034.0
2020-04-17,0,3587.13,3621.71,3549.17,3555.29,29029512.0
2020-04-20,0,3559.89,3623.23,3550.33,3622.97,22783407.0
2020-04-21,0,3595.57,3624.62,3556.07,3610.87,24664444.0
2020-04-22,0,3566.64,3621.95,3557.56,3618.97,22570138.0
2020-04-23,0,3625.35,3626.19,3571.89,3583.3,24778275.0
2020-04-24,0,3567.0,3588.15,3491.16,3507.22,21891263.0
2020-04-27,0,3514.88,3555.34,3498.01,3509.74,19263028.0
2020-04-28,0,3506.59,3521.39,3382.68,3489.4,23766967.0
2020-04-29,0,3472.95,3526.09,3470.26,3500.68,15785520.0
2020-04-30,0,3514.3,3651.15,3514.3,3632.14,21565039.0
2020-05-06,0,3593.05,3691.2,3593.05,3690.13,21845275.0
2020-05-07,0,3696.35,3696.35,3643.27,3649.35,19453714.0
2020-05-08,0,3681.15,3750.44,3681.15,3708.41,25103538.0
2020-05-11,0,3728.48,3747.31,3653.19,3682.31,21787542.0
2020-05-12,0,3681.49,3688.91,3621.32,3684.85,17497346.0
2020-05-13,0,3667.61,3695.34,3649.11,3689.47,15716299.0
2020-05-14,0,3674.36,3707.7,3658.61,3660.44,18627967.0
2020-05-15,0,3679.65,3713.33,3669.18,3676.86,17323805.0
2020-05-18,0,3676.94,3679.66,3605.52,3627.2,20141153.0
2020-05-19,0,3666.93,3701.3,3659.25,3693.2,15431021.0
2020-05-20,0,3686.94,3689.49,3626.5,3642.85,17402572.0
2020-05-21,0,3657.46,3662.96,3566.74,3576.06,15680584.0
2020-05-22,0,3569.6,3584.92,3469.25,3476.89,14668918.0
2020-05-25,0,3477.13,3481.79,3425.36,3446.96,11141486.0
2020-05-26,0,3472.27,3522.82,3469.09,3519.46,12771319.0
2020-05-27,0,3519.76,3519.96,3446.62,3457.02,12604417.0
2020-05-28,0,3465.4,3497.68,3415.28,3459.83,12950513.0
2020-05-29,0,3439.57,3489.43,3429.68,3470.7,11790655.0
2020-06-01,0,3530.76,3635.82,3530.76,3624.51,21457311.0
2020-06-02,0,3628.9,3645.26,3602.44,3624.65,18504291.0
2020-06-03,0,3644.98,3649.43,3605.81,3608.92,19333078.0
2020-06-04,0,3621.77,3624.46,3569.15,3588.51,13436153.0
2020-06-05,0,3595.9,3605.05,3556.52,3602.88,13493527.0
2020-06-08,0,3614.64,3638.95,3587.9,3591.47,12624170.0
2020-06-09,0,3594.82,3638.11,3578.02,3627.74,16100612.0
2020-06-10,0,3628.13,3648.13,3608.67,3644.17,14621613.0
2020-06-11,0,3636.81,3731.75,3634.75,3665.83,18599821.0
2020-06-12,0,3594.22,3686.74,3586.18,3653.68,19366977.0
2020-06-15,0,3652.59,3717.06,3639.24,3640.2,18717259.0
2020-06-16,0,3692.87,3709.13,3673.25,3708.98,16468638.0
2020-06-17,0,3728.33,3747.93,3690.16,3747.81,18332111.0
2020-06-18,0,3735.89,3793.74,3720.75,3778.63,18806097.0
2020-06-19,0,3779.84,3850.08,3776.15,3827.6,19257064.0
2020-06-22,0,3844.4,3928.8,3844.4,3887.06,22129627.0
2020-06-23,0,3883.99,3975.72,3868.09,3968.79,22196706.0
2020-06-24,0,3968.04,3988.33,3940.37,3964.1,20493389.0
2020-06-29,0,3958.05,3970.18,3872.38,3895.12,19453117.0
2020-06-30,0,3914.77,4068.98,3914.77,4031.09,23857049.0
2020-07-01,0,4033.82,4052.13,3955.85,4052.13,24824384.0
2020-07-02,0,4045.42,4129.23,4012.65,4117.62,29565502.0
2020-07-03,0,4135.92,4221.07,4123.76,4202.97,33686752.0
2020-07-06,0,4239.76,4464.33,4239.76,4444.93,42335002.0
2020-07-07,0,4507.87,4614.81,4425.58,4481.41,47608126.0
2020-07-08,0,4489.6,4685.73,4480.02,4672.36,43040128.0
2020-07-09,0,4664.1,4855.75,4650.61,4794.57,47456082.0
2020-07-10,0,4740.78,4802.87,4665.08,4685.3,38474862.0
2020-07-13,0,4669.17,4830.44,4658.33,4789.15,39365391.0
2020-07-14,0,4766.14,4793.91,4632.69,4740.23,38007215.0
2020-07-15,0,4764.01,4783.26,4592.76,4615.41,33961456.0
2020-07-16,0,4628.06,4690.55,4320.3,4330.29,35760834.0
2020-07-17,0,4358.88,4404.32,4214.5,4287.01,28124535.0
2020-07-20,0,4368.91,4419.75,4267.09,4419.75,25647625.0
2020-07-21,0,4500.39,4530.63,4405.05,4428.33,26462545.0
2020-07-22,0,4399.8,4556.9,4393.85,4499.61,34398650.0
2020-07-23,0,4443.08,4491.94,4336.57,4454.87,32730968.0
2020-07-24,0,4422.06,4454.42,4185.76,4210.7,32733003.0
2020-07-27,0,4230.53,4281.87,4168.87,4227.56,20595737.0
2020-07-28,0,4280.51,4290.5,4212.44,4249.18,21070996.0
2020-07-29,0,4234.7,4395.84,4223.26,4395.84,24403731.0
2020-07-30,0,4404.36,4404.87,4321.45,4326.45,19939280.0
2020-07-31,0,4328.48,4446.64,4326.79,4397.01,23708933.0
2020-08-03,0,4425.61,4512.64,4403.26,4508.02,28111762.0
2020-08-04,0,4532.91,4565.79,4473.8,4492.82,30524118.0
2020-08-05,0,4523.86,4561.32,4467.24,4518.8,26474462.0
2020-08-06,0,4536.01,4584.52,4446.44,4571.77,32941046.0
2020-08-07,0,4513.29,4513.29,4345.04,4410.07,28836560.0
2020-08-10,0,4381.82,4452.36,4364.94,4408.84,23750376.0
2020-08-11,0,4406.77,4419.32,4262.37,4272.74,25092055.0
2020-08-12,0,4261.81,4272.0,4121.59,4211.48,21252323.0
2020-08-13,0,4236.02,4244.8,4191.49,4199.28,15349481.0
2020-08-14,0,4199.32,4295.04,4192.8,4292.64,18128565.0
2020-08-17,0,4332.96,4427.17,4332.81,4395.44,27935196.0
2020-08-18,0,4393.86,4429.33,4378.84,4402.03,24857749.0
2020-08-19,0,4389.69,4390.68,4274.79,4280.73,24541484.0
2020-08-20,0,4244.59,4335.44,4229.23,4265.92,21314389.0
2020-08-21,0,4285.85,4319.2,4243.72,4289.93,21043428.0
2020-08-24,0,4312.4,4366.56,4241.07,4338.63,22720618.0
2020-08-25,0,4350.35,4450.69,4350.35,4396.56,28693618.0
2020-08-26,0,4397.48,4407.98,4273.66,4283.78,28620500.0
2020-08-27,0,4280.21,4352.03,4264.47,4335.35,23157694.0
2020-08-28,0,4332.89,4429.64,4310.34,4424.83,23459029.0
2020-08-31,0,4451.92,4502.14,4403.29,4405.51,27662028.0
2020-09-01,0,4395.69,4439.34,4375.01,4439.32,21883544.0
2020-09-02,0,4449.64,4518.94,4424.53,4489.04,30911854.0
2020-09-03,0,4472.53,4472.53,4400.98,4414.28,27139205.0
2020-09-04,0,4321.1,4383.1,4316.18,4377.29,22593609.0
2020-09-07,0,4377.39,4413.5,4272.35,4293.1,31166982.0
2020-09-08,0,4306.98,4347.57,4251.98,4330.62,31254608.0
2020-09-09,0,4276.81,4287.41,4168.11,4187.87,36509421.0
2020-09-10,0,4218.22,4236.22,4057.36,4060.67,29815737.0
2020-09-11,0,4044.58,4122.43,4043.61,4114.88,19060646.0
2020-09-14,0,4144.26,4192.29,4127.81,4168.78,21325698.0
2020-09-15,0,4172.02,4194.81,4154.13,4187.69,19330411.0
2020-09-16,0,4172.54,4181.02,4092.26,4118.68,17037380.0
2020-09-17,0,4111.32,4157.94,4067.55,4123.22,18010965.0
2020-09-18,0,4126.07,4274.47,4111.71,4269.28,23997338.0
2020-09-21,0,4302.91,4311.03,4228.06,4228.45,22036872.0
2020-09-22,0,4183.5,4267.9,4168.14,4182.71,20380188.0
2020-09-23,0,4190.24,4197.35,4144.29,4173.61,14929661.0
2020-09-24,0,4144.76,4148.39,4070.14,4070.14,17884683.0
2020-09-25,0,4095.09,4117.58,4053.25,4073.95,13101089.0
2020-09-28,0,4072.2,4095.1,4042.49,4043.81,11733976.0
2020-09-29,0,4075.38,4121.75,4065.28,4091.48,12475802.0
2020-09-30,0,4104.76,4115.8,4048.7,4069.31,11163845.0
2020-10-09,0,4149.36,4205.24,4144.11,4199.42,14201826.0
2020-10-12,0,4260.28,4394.31,4260.28,4388.12,24587692.0
2020-10-13,0,4365.99,4406.78,4349.81,4397.88,18130214.0
2020-10-14,0,4382.22,4386.76,4324.27,4339.26,15308794.0
2020-10-15,0,4344.51,4356.56,4297.86,4306.18,14517199.0
2020-10-16,0,4298.31,4315.82,4260.01,4292.55,13886737.0
2020-10-19,0,4348.62,4360.9,4263.72,4271.73,16360972.0
2020-10-20,0,4272.29,4320.45,4259.75,4320.45,17846552.0
2020-10-21,0,4328.77,4328.77,4235.08,4259.47,17670049.0
2020-10-22,0,4244.8,4281.9,4214.19,4254.45,17618824.0
2020-10-23,0,4258.43,4286.8,4159.21,4161.78,15974068.0
2020-10-26,0,4159.84,4161.55,4087.69,4122.31,15193831.0
2020-10-27,0,4103.97,4119.8,4071.38,4107.83,13751142.0
2020-10-28,0,4100.8,4101.0,4033.31,4082.97,16822896.0
2020-10-29,0,4014.55,4087.69,4005.43,4067.78,16659157.0
2020-10-30,0,4059.43,4079.44,3948.25,3956.0,19145899.0
2020-11-02,0,3965.81,3972.05,3878.05,3917.69,17737976.0
2020-11-03,0,3932.07,4037.16,3925.87,4023.03,18165049.0
2020-11-04,0,4011.0,4022.76,3977.02,3992.97,14896840.0
2020-11-05,0,4045.5,4091.63,4014.55,4084.82,17489331.0
2020-11-06,0,4091.45,4091.68,4019.37,4048.44,15516009.0
2020-11-09,0,4079.02,4249.14,4079.02,4200.56,21733824.0
2020-11-10,0,4216.17,4216.17,4139.04,4155.13,18206638.0
2020-11-11,0,4141.06,4150.07,4019.7,4023.99,15108254.0
2020-11-12,0,4044.63,4060.73,4002.41,4013.86,10690804.0
2020-11-13,0,3985.62,4001.7,3947.48,3995.94,10782590.0
2020-11-16,0,4013.27,4046.77,3981.85,4041.0,10990562.0
2020-11-17,0,4035.7,4037.74,3975.19,4011.83,11587825.0
2020-11-18,0,4014.94,4052.58,3976.67,3988.93,11878085.0
2020-11-19,0,3968.38,4049.48,3938.82,4040.21,11726403.0
2020-11-20,0,4039.11,4055.66,4010.07,4027.05,10318472.0
2020-11-23,0,4020.89,4074.38,3985.94,4039.85,15925937.0
2020-11-24,0,4034.03,4057.1,4007.63,4016.62,13032993.0
2020-11-25,0,4029.06,4044.84,3954.56,3954.56,13873803.0
2020-11-26,0,3948.39,3969.6,3930.18,3950.46,11540277.0
2020-11-27,0,3953.08,3967.03,3916.73,3964.61,11838254.0
2020-11-30,0,3974.48,4103.57,3974.15,4010.46,20228997.0
2020-12-01,0,4002.06,4131.52,4001.31,4122.67,19004662.0
2020-12-02,0,4115.51,4126.46,4078.44,4092.15,16672950.0
2020-12-03,0,4087.4,4134.65,4076.51,4118.03,13335246.0
2020-12-04,0,4101.47,4101.57,4050.37,4083.46,12261982.0
2020-12-07,0,4099.36,4103.44,4070.88,4073.03,12251831.0
2020-12-08,0,4084.71,4102.53,4058.15,4070.8,11394790.0
2020-12-09,0,4079.27,4100.13,3995.18,3996.89,14302204.0
2020-12-10,0,3978.95,4007.36,3962.06,3973.74,10603545.0
2020-12-11,0,3986.53,3988.81,3872.15,3902.4,14341079.0
2020-12-14,0,3906.72,3936.93,3889.65,3931.51,9760874.0
2020-12-15,0,3925.47,3945.27,3907.3,3934.39,11749479.0
2020-12-16,0,3928.47,3930.49,3882.19,3884.79,11229683.0
2020-12-17,0,3886.9,3956.54,3852.09,3952.47,18332751.0
2020-12-18,0,3953.63,3960.95,3908.22,3918.96,14077865.0
2020-12-21,0,3909.16,3950.55,3884.57,3944.98,13456950.0
2020-12-22,0,3931.13,3931.41,3796.8,3797.63,15298096.0
2020-12-23,0,3807.95,3813.72,3761.09,3804.33,13222776.0
2020-12-24,0,3795.25,3795.25,3684.0,3687.95,13393280.0
2020-12-25,0,3678.18,3713.03,3661.37,3702.39,11245512.0
2020-12-28,0,3708.86,3738.38,3666.4,3675.49,14078064.0
2020-12-29,0,3688.87,3813.64,3688.33,3765.62,17050125.0
2020-12-30,0,3754.62,3829.33,3736.75,3829.23,16328596.0
2020-12-31,0,3842.78,3948.08,3842.26,3937.54,18844502.0
2021-01-04,0,3964.17,4018.77,3934.43,3996.14,19489039.0
2021-01-05,0,3971.74,4017.44,3947.63,4007.29,18980004.0
2021-01-06,0,4004.88,4013.12,3920.22,3945.34,16852493.0
2021-01-07,0,3934.28,3939.14,3789.94,3865.85,19772444.0
2021-01-08,0,3862.85,3947.94,3838.32,3921.37,20306533.0
2021-01-11,0,3934.28,3954.17,3856.13,3874.89,20436359.0
2021-01-12,0,3868.53,4028.16,3867.68,4028.11,20225710.0
2021-01-13,0,4017.05,4029.26,3951.8,3985.23,20606468.0
2021-01-14,0,3968.14,4037.06,3925.1,3984.17,19540009.0
2021-01-15,0,3986.71,4006.46,3910.83,3940.54,18750235.0
2021-01-18,0,3925.33,4078.19,3924.08,4041.17,17411685.0
2021-01-19,0,4036.08,4095.68,4024.22,4046.55,20642746.0
2021-01-20,0,4063.54,4063.54,4012.72,4046.82,16866713.0
2021-01-21,0,4052.55,4141.16,4043.43,4127.86,19805624.0
2021-01-22,0,4115.47,4125.74,4037.44,4064.96,17287000.0
2021-01-25,0,4076.72,4081.54,4000.45,4044.9,16992476.0
2021-01-26,0,4011.38,4044.79,3930.46,3935.37,17322532.0
2021-01-27,0,3930.76,3958.1,3912.32,3927.64,18448304.0
2021-01-28,0,3873.49,3914.7,3817.03,3821.28,17528574.0
2021-01-29,0,3846.01,3873.91,3711.16,3772.14,20756634.0
2021-02-01,0,3800.91,3857.54,3800.91,3844.54,14540516.0
2021-02-02,0,3865.81,3894.91,3851.41,3890.97,15249597.0
2021-02-03,0,3879.05,3884.81,3785.82,3789.02,16032594.0
2021-02-04,0,3781.98,3781.98,3669.96,3737.85,16190693.0
2021-02-05,0,3740.54,3752.11,3684.09,3684.09,12887957.0
2021-02-08,0,3705.39,3742.47,3679.81,3720.79,11896368.0
2021-02-09,0,3746.4,3834.78,3725.4,3825.1,14266650.0
2021-02-10,0,3827.79,3898.02,3821.22,3885.84,14638186.0
2021-02-18,0,3988.67,4000.04,3918.75,3930.49,20149340.0
2021-02-19,0,3904.14,3941.59,3869.63,3936.5,18514148.0
2021-02-22,0,3939.78,3975.1,3840.97,3840.99,22184010.0
2021-02-23,0,3822.07,3850.83,3786.45,3801.95,15372831.0
2021-02-24,0,3802.63,3825.02,3733.73,3775.49,17441030.0
2021-02-25,0,3799.5,3804.4,3730.65,3735.08,17270720.0
2021-02-26,0,3665.58,3724.65,3663.47,3687.03,16038937.0
2021-03-01,0,3726.56,3762.89,3717.87,3761.23,16073384.0
2021-03-02,0,3780.01,3783.38,3688.01,3709.65,17033174.0
2021-03-03,0,3703.9,3773.13,3700.4,3771.82,15233872.0
2021-03-04,0,3747.45,3755.14,3669.97,3682.77,16231961.0
2021-03-05,0,3642.37,3724.48,3641.34,3698.25,16508051.0
2021-03-08,0,3724.94,3738.72,3599.96,3604.94,16598982.0
2021-03-09,0,3599.18,3615.19,3486.2,3530.47,16455265.0
2021-03-10,0,3580.43,3584.99,3493.4,3496.23,12496160.0
2021-03-11,0,3502.45,3557.03,3481.64,3557.01,11662706.0
2021-03-12,0,3567.5,3567.5,3483.14,3507.44,10329697.0
2021-03-15,0,3485.96,3496.17,3428.85,3452.82,9693822.0
2021-03-16,0,3465.99,3484.09,3432.75,3482.96,12477508.0
2021-03-17,0,3477.76,3499.75,3444.41,3493.25,12213382.0
2021-03-18,0,3498.69,3525.94,3492.79,3500.16,12566994.0
2021-03-19,0,3459.15,3476.93,3435.06,3442.81,12850378.0
2021-03-22,0,3453.17,3508.63,3452.24,3508.2,11582780.0
2021-03-23,0,3511.41,3527.92,3498.56,3516.55,16615242.0
2021-03-24,0,3497.48,3532.17,3493.95,3499.47,16467145.0
2021-03-25,0,3478.66,3580.18,3474.96,3558.25,20578895.0
2021-03-26,0,3557.43,3615.99,3554.32,3600.87,18990854.0
2021-03-29,0,3606.86,3619.78,3566.45,3574.11,16378254.0
2021-03-30,0,3570.04,3580.6,3558.9,3565.31,16351437.0
2021-03-31,0,3558.68,3582.9,3547.62,3566.32,15565265.0
2021-04-01,0,3566.32,3594.09,3556.18,3590.99,13929481.0
2021-04-02,0,3612.87,3640.46,3599.76,3611.8,16940982.0
2021-04-06,0,3617.87,3646.04,3613.53,3645.3,14983592.0
2021-04-07,0,3636.07,3636.07,3579.36,3600.32,15052472.0
2021-04-08,0,3587.32,3611.69,3576.26,3588.21,17011772.0
2021-04-09,0,3581.92,3582.73,3544.77,3555.42,13045741.0
2021-04-12,0,3551.37,3563.68,3500.58,3513.48,14991309.0
2021-04-13,0,3509.12,3565.31,3508.47,3540.49,15267595.0
2021-04-14,0,3546.66,3592.53,3532.51,3589.91,15897400.0
2021-04-15,0,3577.84,3611.47,3565.29,3585.37,18305219.0
2021-04-16,0,3582.35,3636.74,3582.29,3631.75,21107794.0
2021-04-19,0,3621.09,3720.52,3613.75,3718.06,23262895.0
2021-04-20,0,3701.57,3728.64,3689.03,3690.17,19178629.0
2021-04-21,0,3667.62,3694.08,3666.41,3676.94,15317665.0
2021-04-22,0,3681.74,3692.55,3658.48,3685.19,17806648.0
2021-04-23,0,3675.54,3691.73,3656.05,3667.9,18657594.0
2021-04-26,0,3673.59,3691.17,3604.42,3607.09,17631129.0
2021-04-27,0,3591.54,3617.87,3565.45,3612.54,18542319.0
2021-04-28,0,3595.25,3631.88,3585.56,3630.04,16164131.0
2021-04-29,0,3617.41,3655.27,3610.52,3643.91,17207047.0
2021-04-30,0,3629.42,3633.56,3579.93,3595.44,17129873.0
2021-05-06,0,3587.21,3595.74,3528.9,3558.37,15941777.0
2021-05-07,0,3559.9,3573.19,3516.78,3516.78,18955661.0
2021-05-10,0,3526.88,3555.5,3506.26,3538.95,19338600.0
2021-05-11,0,3525.85,3581.65,3512.39,3569.56,26525540.0
2021-05-12,0,3545.73,3581.25,3535.43,3576.83,21441061.0
2021-05-13,0,3553.01,3590.2,3542.57,3551.31,22764660.0
2021-05-14,0,3560.5,3689.01,3560.5,3683.18,26324716.0
2021-05-17,0,3659.5,3717.61,3659.5,3684.48,22099224.0
2021-05-18,0,3679.58,3716.72,3669.4,3700.74,17761622.0
2021-05-19,0,3689.44,3712.92,3670.03,3687.42,16878736.0
2021-05-20,0,3687.62,3720.68,3669.36,3694.14,16964911.0
2021-05-21,0,3700.88,3707.88,3631.05,3634.3,15841912.0
2021-05-24,0,3649.67,3748.61,3649.67,3739.45,20424732.0
2021-05-25,0,3743.42,3892.01,3731.98,3882.96,24686710.0
2021-05-26,0,3905.0,3921.51,3857.32,3859.83,22658209.0
2021-05-27,0,3854.61,3899.97,3832.59,3872.59,21913521.0
2021-05-28,0,3865.52,3883.5,3832.79,3856.51,23457816.0
2021-05-31,0,3855.85,3890.49,3837.0,3890.24,22282717.0
2021-06-01,0,3869.26,3892.48,3855.39,3888.75,22955319.0
2021-06-02,0,3894.68,3899.86,3785.8,3797.9,24460391.0
2021-06-03,0,3802.59,3867.21,3785.31,3785.68,22953469.0
2021-06-04,0,3767.63,3812.12,3759.27,3778.91,20741800.0
2021-06-07,0,3779.88,3844.12,3777.79,3844.12,21087730.0
2021-06-08,0,3851.57,3896.66,3828.48,3854.86,23960552.0
2021-06-09,0,3849.2,3869.19,3823.43,3864.23,22204822.0
2021-06-10,0,3853.47,3993.45,3853.47,3982.28,34210880.0
2021-06-11,0,4003.87,4036.31,3970.2,3983.13,37395016.0
2021-06-15,0,3973.55,3992.67,3931.43,3950.08,32274411.0
2021-06-16,0,3934.89,3960.8,3870.85,3881.56,32069894.0
2021-06-17,0,3871.11,3958.27,3857.79,3940.01,28574606.0
2021-06-18,0,3931.18,3947.54,3903.17,3917.58,26729075.0
2021-06-21,0,3908.72,3963.06,3906.13,3956.72,26068225.0
2021-06-22,0,3960.28,3969.25,3911.14,3926.49,26133774.0
2021-06-23,0,3916.65,3942.23,3876.78,3942.09,24007955.0
2021-06-24,0,3940.43,3940.43,3866.37,3866.81,22183255.0
2021-06-25,0,3866.6,3925.94,3853.83,3894.23,25199731.0
2021-06-28,0,3885.06,3906.06,3857.66,3890.01,21112426.0
2021-06-29,0,3894.23,3932.18,3853.96,3856.99,22363118.0
2021-06-30,0,3859.88,3912.78,3859.34,3909.26,21002915.0
2021-07-01,0,3928.59,3930.43,3804.52,3804.53,23220817.0
2021-07-02,0,3783.19,3784.04,3728.22,3743.8,19726300.0
2021-07-05,0,3741.61,3773.82,3720.7,3750.82,19761146.0
2021-07-06,0,3758.79,3788.71,3738.86,3773.88,20945918.0
2021-07-07,0,3743.67,3780.78,3725.55,3778.95,17711947.0
2021-07-08,0,3791.09,3805.57,3762.04,3779.31,23949394.0
2021-07-09,0,3756.78,3771.02,3722.02,3762.55,19525318.0
2021-07-12,0,3783.23,3928.34,3779.4,3917.01,31740468.0
2021-07-13,0,3940.01,3986.53,3932.09,3945.28,30244247.0
2021-07-14,0,3953.41,3969.16,3927.39,3929.82,26237156.0
2021-07-15,0,3912.75,3941.54,3888.79,3934.48,24461947.0
2021-07-16,0,3949.18,3971.9,3909.62,3909.83,22267476.0
2021-07-19,0,3898.57,3937.01,3872.44,3920.03,23964369.0
2021-07-20,0,3881.85,3890.31,3841.98,3888.27,19604168.0
2021-07-21,0,3889.47,3977.87,3889.27,3964.18,24872085.0
2021-07-22,0,3973.94,3989.83,3952.96,3989.28,23784807.0
2021-07-23,0,3994.66,3994.66,3901.97,3908.31,25752364.0
2021-07-26,0,3894.25,3895.79,3731.21,3766.13,23376886.0
2021-07-27,0,3782.65,3796.89,3697.05,3700.21,22505281.0
2021-07-28,0,3666.58,3699.79,3578.49,3597.3,20925908.0
2021-07-29,0,3658.76,3692.39,3654.91,3668.01,18367879.0
2021-07-30,0,3658.97,3696.97,3625.99,3684.37,18246783.0
2021-08-02,0,3674.39,3797.94,3653.63,3783.49,20311527.0
2021-08-03,0,3780.48,3856.68,3778.35,3813.95,22096970.0
2021-08-04,0,3794.77,3821.9,3774.39,3821.84,17293938.0
2021-08-05,0,3810.18,3810.18,3715.91,3738.38,17102803.0
2021-08-06,0,3735.23,3754.27,3716.48,3752.21,16541695.0
2021-08-09,0,3748.74,3840.63,3744.1,3840.61,18263374.0
2021-08-10,0,3825.49,3857.03,3802.5,3856.49,17408086.0
2021-08-11,0,3850.88,3850.88,3800.96,3808.76,15167446.0
2021-08-12,0,3804.67,3853.31,3788.95,3790.76,19094334.0
2021-08-13,0,3775.0,3775.85,3705.15,3717.96,18476862.0
2021-08-16,0,3713.43,3752.41,3709.98,3724.48,15502202.0
2021-08-17,0,3720.83,3722.62,3623.63,3625.85,18905217.0
2021-08-18,0,3629.26,3731.15,3610.78,3726.82,23206040.0
2021-08-19,0,3717.81,3751.79,3701.99,3705.39,21509556.0
2021-08-20,0,3685.15,3713.19,3624.79,3667.03,19615591.0
2021-08-23,0,3675.53,3743.19,3675.53,3739.15,19429506.0
2021-08-24,0,3739.4,3774.7,3732.46,3760.94,19465720.0
2021-08-25,0,3762.82,3776.81,3732.4,3744.98,15976532.0
2021-08-26,0,3738.41,3738.41,3658.17,3658.25,17925948.0
2021-08-27,0,3656.15,3675.6,3644.76,3672.19,18271421.0
2021-08-30,0,3714.17,3723.77,3626.29,3649.01,22239604.0
2021-08-31,0,3631.77,3646.53,3586.75,3644.29,20829855.0
2021-09-01,0,3638.97,3710.83,3602.41,3687.33,23934523.0
2021-09-02,0,3686.36,3710.6,3671.14,3693.23,20279123.0
2021-09-03,0,3755.59,3770.58,3710.04,3724.19,25946387.0
2021-09-06,0,3721.2,3806.12,3708.18,3799.26,25342788.0
2021-09-07,0,3806.33,3857.28,3791.74,3842.91,25021128.0
2021-09-08,0,3846.23,3909.89,3841.67,3881.8,31337646.0
2021-09-09,0,3858.39,3862.14,3820.45,3840.18,25028702.0
2021-09-10,0,3850.56,3888.24,3835.16,3837.85,23892608.0
2021-09-13,0,3831.77,3846.81,3815.63,3831.84,22812423.0
2021-09-14,0,3842.91,3885.76,3797.02,3807.5,26438818.0
2021-09-15,0,3815.37,3815.37,3762.6,3779.09,23535568.0
2021-09-16,0,3767.63,3789.67,3705.46,3718.45,22066698.0
2021-09-17,0,3718.34,3736.38,3679.97,3726.59,17740590.0
2021-09-22,0,3671.27,3723.89,3668.28,3711.25,13149978.0
2021-09-23,0,3732.5,3780.38,3732.5,3767.77,17875032.0
2021-09-24,0,3767.1,3815.44,3765.73,3774.53,17169801.0
2021-09-27,0,3796.32,3819.93,3723.8,3725.37,22173766.0
2021-09-28,0,3722.0,3753.32,3701.4,3732.85,14109009.0
2021-09-29,0,3709.63,3709.63,3617.55,3624.58,13981887.0
2021-09-30,0,3643.78,3707.02,3638.61,3696.57,11920012.0
2021-10-08,0,3742.69,3783.09,3742.69,3773.33,17204207.0
2021-10-11,0,3773.03,3787.97,3753.28,3761.63,15835619.0
2021-10-12,0,3744.85,3744.85,3640.24,3670.39,15398233.0
2021-10-13,0,3677.91,3698.69,3648.58,3696.01,11271605.0
2021-10-14,0,3688.62,3701.75,3662.51,3693.64,9718007.0
2021-10-15,0,3695.63,3736.61,3679.53,3718.94,12990914.0
2021-10-18,0,3718.16,3718.16,3671.08,3691.15,12009460.0
2021-10-19,0,3687.13,3739.29,3685.01,3723.54,12931699.0
2021-10-20,0,3747.17,3787.2,3734.47,3735.83,15907454.0
2021-10-21,0,3722.63,3757.81,3715.48,3733.5,15491262.0
2021-10-22,0,3740.13,3751.44,3713.89,3719.51,13889226.0
2021-10-25,0,3707.2,3738.56,3685.23,3735.64,12355704.0
2021-10-26,0,3725.0,3740.04,3705.11,3707.87,12714262.0
2021-10-27,0,3714.53,3714.53,3639.67,3651.68,14523678.0
2021-10-28,0,3629.34,3650.73,3600.68,3612.03,12667897.0
2021-10-29,0,3599.77,3689.32,3599.77,3687.65,14585248.0
2021-11-01,0,3687.21,3708.29,3671.03,3694.76,13637983.0
2021-11-02,0,3688.1,3722.69,3626.38,3658.24,13946940.0
2021-11-03,0,3659.43,3691.63,3659.43,3683.98,10654532.0
2021-11-04,0,3686.2,3702.31,3672.06,3687.22,11808022.0
2021-11-05,0,3685.05,3745.81,3680.7,3719.94,17637391.0
2021-11-08,0,3719.15,3721.74,3685.08,3708.96,14838209.0
2021-11-09,0,3702.63,3757.48,3699.17,3748.08,17512641.0
2021-11-10,0,3751.11,3772.81,3723.08,3751.65,21679820.0
2021-11-11,0,3744.31,3819.97,3741.2,3819.97,23928894.0
2021-11-12,0,3818.09,3863.32,3817.34,3855.8,21221035.0
2021-11-15,0,3868.38,3898.91,3859.36,3866.78,20526427.0
2021-11-16,0,3863.49,3890.95,3830.89,3833.34,19423094.0
2021-11-17,0,3832.84,3860.55,3828.99,3860.34,16414721.0
2021-11-18,0,3853.47,3857.86,3785.36,3786.37,17805127.0
2021-11-19,0,3785.64,3831.12,3778.16,3819.68,14743871.0
2021-11-22,0,3821.67,3852.89,3808.69,3838.18,15668482.0
2021-11-23,0,3832.09,3858.28,3818.14,3855.52,16313891.0
2021-11-24,0,3852.37,3861.02,3824.04,3835.13,16881730.0
2021-11-25,0,3833.41,3833.41,3794.06,3803.21,18246820.0
2021-11-26,0,3798.49,3878.73,3769.96,3847.77,27435201.0
2021-11-29,0,3798.14,3826.14,3785.64,3814.1,23027298.0
2021-11-30,0,3824.91,3914.57,3824.91,3888.19,31814962.0
2021-12-01,0,3888.17,3929.54,3885.88,3917.92,29004945.0
2021-12-02,0,3907.37,3908.81,3852.26,3855.3,22446714.0
2021-12-03,0,3862.52,3883.75,3842.94,3858.08,18847395.0
2021-12-06,0,3852.2,3872.48,3820.64,3824.32,21128095.0
2021-12-07,0,3849.85,3864.35,3815.83,3853.48,20404854.0
2021-12-08,0,3863.89,3944.04,3852.9,3942.22,20799137.0
2021-12-09,0,3946.01,4035.18,3941.46,3994.88,26248307.0
2021-12-10,0,3980.88,3980.88,3939.37,3948.55,20166943.0
2021-12-13,0,3970.03,4029.98,3970.03,4004.32,27166782.0
2021-12-14,0,3995.38,4047.28,3981.38,4045.84,31748892.0
2021-12-15,0,4053.04,4088.75,4038.21,4044.98,31002183.0
2021-12-16,0,4048.88,4056.55,4026.46,4052.64,25056938.0
2021-12-17,0,4048.18,4054.25,4004.19,4004.19,27691481.0
2021-12-20,0,3987.61,4022.86,3955.61,3960.33,23215002.0
2021-12-21,0,3960.24,4029.02,3960.24,4026.25,24051625.0
2021-12-22,0,4029.31,4046.23,4003.46,4007.67,23188743.0
2021-12-23,0,4009.48,4034.16,4001.25,4009.99,20225692.0
2021-12-24,0,4012.91,4023.57,3963.7,3972.76,19911879.0
2021-12-27,0,3974.44,3982.84,3932.27,3951.1,16654481.0
2021-12-28,0,3961.64,4023.2,3959.66,4016.15,20758663.0
2021-12-29,0,4013.0,4013.0,3963.57,3968.55,18452947.0
2021-12-30,0,3963.48,4016.19,3962.88,3999.7,21512708.0
2021-12-31,0,4005.69,4038.2,3993.35,4025.85,19264955.0
2022-01-04,0,4033.31,4084.87,4011.07,4065.21,31287605.0
2022-01-05,0,4073.37,4098.71,4026.06,4043.23,34208356.0
2022-01-06,0,4018.42,4020.43,3972.43,3989.49,36498588.0
2022-01-07,0,4007.83,4035.45,3928.74,3931.04,37855210.0
2022-01-10,0,3909.99,3984.37,3874.04,3963.3,27413107.0
2022-01-11,0,3955.9,3966.76,3891.58,3899.88,24563530.0
2022-01-12,0,3907.65,3942.88,3900.37,3938.49,23440313.0
2022-01-13,0,3964.46,3992.89,3926.93,3926.93,32099332.0
2022-01-14,0,3899.83,3945.03,3884.42,3905.36,27205767.0
2022-01-17,0,3953.02,4109.86,3953.02,4101.77,43923007.0
2022-01-18,0,4130.02,4207.07,4092.56,4095.87,51914869.0
2022-01-19,0,4069.45,4138.1,4067.82,4119.6,35953405.0
2022-01-20,0,4112.51,4155.19,4061.68,4136.25,39015408.0
2022-01-21,0,4114.3,4169.15,4090.67,4098.11,36681646.0
2022-01-24,0,4072.07,4168.29,4066.77,4122.48,31551565.0
2022-01-25,0,4095.97,4104.46,3937.15,3939.6,35591008.0
2022-01-26,0,3948.95,3991.05,3879.28,3945.23,28929304.0
2022-01-27,0,3929.55,3931.86,3756.37,3756.91,29022153.0
2022-01-28,0,3781.62,3836.78,3757.65,3757.92,25778170.0
2022-02-07,0,3835.76,3844.07,3738.96,3753.03,22809808.0
2022-02-08,0,3743.47,3809.63,3704.27,3808.36,28054324.0
2022-02-09,0,3829.28,3969.22,3828.76,3961.27,33530923.0
2022-02-10,0,3957.77,3957.77,3903.5,3928.9,33802530.0
2022-02-11,0,3923.16,3962.08,3887.5,3893.87,39778463.0
2022-02-14,0,3837.39,3851.48,3747.43,3773.0,37800902.0
2022-02-15,0,3765.72,3804.67,3750.27,3801.72,32306106.0
2022-02-16,0,3855.1,3867.67,3780.34,3795.34,30739732.0
2022-02-17,0,3764.19,3826.16,3744.29,3766.02,31959429.0
2022-02-18,0,3754.53,3809.54,3749.91,3809.07,29996615.0
2022-02-21,0,3825.87,3891.71,3825.87,3889.87,39259761.0
2022-02-22,0,3840.31,3852.94,3791.97,3811.43,36460354.0
2022-02-23,0,3824.27,3861.26,3796.5,3855.59,36440831.0
2022-02-24,0,3814.59,3822.5,3616.81,3676.82,41869347.0
2022-02-25,0,3711.59,3740.84,3687.17,3698.33,25815956.0
2022-02-28,0,3741.11,3764.89,3684.13,3737.96,26968495.0
2022-03-01,0,3733.48,3773.74,3727.34,3770.18,28275249.0
2022-03-02,0,3741.19,3774.77,3729.53,3754.67,25948050.0
2022-03-03,0,3766.16,3772.65,3709.56,3717.91,27877827.0
2022-03-04,0,3690.44,3700.01,3623.99,3639.57,25429678.0
2022-03-07,0,3614.89,3614.89,3510.53,3531.69,22107264.0
2022-03-08,0,3529.22,3559.65,3450.52,3468.2,24825693.0
2022-03-09,0,3473.61,3482.64,3254.59,3414.12,29590672.0
2022-03-10,0,3491.76,3496.82,3429.28,3429.28,25711649.0
2022-03-11,0,3360.2,3497.69,3325.48,3485.35,30813741.0
2022-03-14,0,3434.38,3482.91,3380.92,3380.92,27267633.0
2022-03-15,0,3351.23,3404.93,3230.62,3230.62,30002566.0
2022-03-16,0,3287.58,3383.64,3189.24,3373.64,33443285.0
2022-03-17,0,3434.34,3496.19,3415.13,3461.15,38245407.0
2022-03-18,0,3442.56,3491.89,3410.09,3472.63,29928153.0
2022-03-21,0,3462.27,3479.01,3404.66,3441.22,28498997.0
2022-03-22,0,3426.61,3496.48,3407.06,3468.77,28428567.0
2022-03-23,0,3459.83,3490.24,3444.97,3461.7,27266792.0
2022-03-24,0,3437.64,3437.82,3384.99,3392.79,25455376.0
2022-03-25,0,3414.77,3434.7,3358.68,3358.68,24538730.0
2022-03-28,0,3326.15,3386.95,3299.65,3348.53,23023332.0
2022-03-29,0,3355.86,3359.16,3298.81,3316.1,21891066.0
2022-03-30,0,3336.23,3415.68,3330.17,3415.1,24992926.0
2022-03-31,0,3399.84,3438.24,3381.88,3430.18,31014370.0
2022-04-01,0,3406.93,3454.35,3392.67,3440.62,30084298.0
2022-04-06,0,3448.02,3465.18,3432.84,3446.24,29405621.0
2022-04-07,0,3420.71,3432.46,3332.36,3332.38,24988255.0
2022-04-08,0,3327.51,3339.32,3268.12,3321.31,22367496.0
2022-04-11,0,3298.7,3298.7,3146.74,3165.12,24047879.0
2022-04-12,0,3170.19,3252.05,3147.24,3251.86,22750219.0
2022-04-13,0,3222.93,3223.07,3158.42,3158.42,22007954.0
2022-04-14,0,3188.74,3210.6,3170.01,3193.48,18450398.0
2022-04-15,0,3166.83,3166.83,3118.37,3132.46,19988990.0
2022-04-18,0,3104.36,3138.35,3053.27,3126.44,15386110.0
2022-04-19,0,3126.3,3157.45,3089.87,3108.18,14125449.0
2022-04-20,0,3137.07,3149.01,3058.43,3066.93,18182770.0
2022-04-21,0,3037.11,3062.85,2965.54,2978.56,20352015.0
2022-04-22,0,2958.22,2972.77,2924.46,2924.85,16437365.0
2022-04-25,0,2862.01,2862.01,2732.73,2734.34,22053463.0
2022-04-26,0,2728.13,2749.05,2619.06,2622.6,21218794.0
2022-04-27,0,2591.41,2731.81,2587.22,2731.66,24945541.0
2022-04-28,0,2704.08,2714.43,2638.03,2667.48,18929046.0
2022-04-29,0,2702.6,2840.24,2694.72,2833.39,22834023.0
2022-05-05,0,2813.87,2866.77,2806.21,2840.89,19393940.0
2022-05-06,0,2775.16,2875.37,2764.83,2822.14,21888203.0
2022-05-09,0,2806.11,2853.26,2804.66,2823.86,19205845.0
2022-05-10,0,2783.76,2879.85,2774.65,2871.75,22212715.0
2022-05-11,0,2870.48,2957.62,2866.59,2883.89,26224617.0
2022-05-12,0,2864.62,2921.48,2863.23,2896.55,19301462.0
2022-05-13,0,2918.76,2927.31,2877.11,2896.29,15764245.0
2022-05-16,0,2917.0,2930.36,2872.0,2891.2,22440322.0
2022-05-17,0,2889.4,2895.52,2849.39,2895.31,17475073.0
2022-05-18,0,2928.34,2951.89,2897.65,2901.16,23797865.0
2022-05-19,0,2854.53,2878.97,2846.59,2878.92,19135660.0
2022-05-20,0,2887.8,2937.94,2887.8,2933.69,21905984.0
2022-05-23,0,2939.91,2951.93,2918.13,2950.85,21605127.0
2022-05-24,0,2949.6,2949.6,2801.53,2801.53,21088047.0
2022-05-25,0,2805.18,2852.23,2805.18,2848.83,17234512.0
2022-05-26,0,2853.63,2884.98,2798.34,2866.29,16515424.0
2022-05-27,0,2886.13,2905.93,2846.62,2866.5,17289101.0
2022-05-30,0,2878.1,2915.02,2864.26,2910.31,15840611.0
2022-05-31,0,2911.18,2989.27,2902.98,2979.31,19590309.0
2022-06-01,0,2976.63,2998.86,2951.49,2972.88,18617553.0
2022-06-02,0,2962.38,3003.39,2935.59,3001.39,18915672.0
2022-06-06,0,3002.65,3076.97,2991.32,3076.01,24423937.0
2022-06-07,0,3075.83,3092.16,3043.59,3068.61,19522091.0
2022-06-08,0,3070.94,3114.68,3036.52,3083.72,20714530.0
2022-06-09,0,3080.12,3085.76,3019.26,3024.34,21130558.0
2022-06-10,0,3003.82,3076.9,2996.97,3067.89,19558525.0
2022-06-13,0,3040.3,3078.49,3035.53,3071.69,20333835.0
2022-06-14,0,3038.95,3090.79,2957.65,3089.21,24229303.0
2022-06-15,0,3095.26,3250.71,3095.26,3185.94,38926278.0
2022-06-16,0,3182.95,3195.35,3138.6,3142.39,27052347.0
2022-06-17,0,3116.8,3154.65,3084.29,3147.51,20724269.0
2022-06-20,0,3145.45,3167.48,3124.62,3155.75,18661558.0
2022-06-21,0,3164.03,3190.71,3133.54,3172.93,22213177.0
2022-06-22,0,3176.57,3177.06,3097.78,3097.89,18569373.0
2022-06-23,0,3107.36,3186.54,3104.48,3182.01,20460189.0
2022-06-24,0,3196.7,3223.25,3189.84,3209.91,20783213.0
2022-06-27,0,3218.64,3234.2,3199.62,3213.74,19063183.0
2022-06-28,0,3211.79,3252.12,3176.9,3243.15,19096665.0
2022-06-29,0,3234.1,3287.3,3212.39,3217.78,22418807.0
2022-06-30,0,3216.73,3230.42,3185.84,3208.55,19298257.0
2022-07-01,0,3217.49,3233.06,3183.34,3190.49,15964850.0
2022-07-04,0,3201.61,3214.45,3164.66,3214.45,15078090.0
2022-07-05,0,3210.96,3223.11,3126.15,3160.97,16806594.0
2022-07-06,0,3156.32,3159.27,3096.56,3120.69,13450646.0
2022-07-07,0,3123.1,3139.32,3105.43,3122.04,11586310.0
2022-07-08,0,3130.49,3170.54,3120.94,3122.02,15319744.0
2022-07-11,0,3116.38,3116.38,3043.27,3063.26,14014432.0
2022-07-12,0,3064.26,3064.56,3022.08,3022.72,12226445.0
2022-07-13,0,3019.33,3038.0,3012.37,3023.93,10779005.0
2022-07-14,0,3022.65,3036.53,3003.54,3007.66,11665215.0
2022-07-15,0,2999.46,3001.89,2934.61,2934.61,13931866.0
2022-07-18,0,2943.66,3024.96,2943.21,3018.11,13432173.0
2022-07-19,0,3019.12,3096.8,3013.49,3094.75,18778811.0
2022-07-20,0,3109.68,3127.87,3096.77,3122.0,19402992.0
2022-07-21,0,3111.52,3135.86,3095.26,3095.26,16227227.0
2022-07-22,0,3098.21,3116.16,3053.89,3078.12,13271914.0
2022-07-25,0,3098.48,3104.14,3036.15,3051.65,14002582.0
2022-07-26,0,3055.11,3113.26,3054.91,3113.26,18703746.0
2022-07-27,0,3105.29,3115.1,3094.1,3104.78,15400621.0
2022-07-28,0,3120.73,3145.5,3110.52,3110.52,15361638.0
2022-07-29,0,3111.02,3117.7,3060.3,3068.38,15002552.0
2022-08-01,0,3064.14,3079.09,3036.97,3069.06,13950700.0
2022-08-02,0,3040.76,3040.76,2907.53,2941.1,20244356.0
2022-08-03,0,2944.16,3018.34,2944.16,2954.87,16911806.0
2022-08-04,0,2978.97,2995.14,2955.97,2992.44,12521050.0
2022-08-05,0,3009.4,3117.8,3009.4,3114.88,20988826.0
2022-08-08,0,3110.53,3116.97,3091.86,3115.34,15240101.0
2022-08-09,0,3111.51,3113.12,3076.08,3096.35,13182417.0
2022-08-10,0,3086.76,3096.55,3048.63,3062.41,12790918.0
2022-08-11,0,3078.76,3151.65,3073.65,3149.27,19735140.0
2022-08-12,0,3136.27,3176.08,3118.86,3150.16,20494128.0
2022-08-15,0,3141.14,3141.14,3104.91,3112.69,17553438.0
2022-08-16,0,3116.42,3119.83,3076.5,3088.99,15252992.0
2022-08-17,0,3088.13,3113.52,3056.3,3107.94,15210706.0
2022-08-18,0,3101.44,3101.44,3068.82,3080.13,13900174.0
2022-08-19,0,3078.47,3108.32,3054.79,3054.97,17143919.0
2022-08-22,0,3044.55,3084.43,3017.8,3071.6,14433520.0
2022-08-23,0,3074.85,3093.68,3061.51,3077.05,14750941.0
2022-08-24,0,3077.86,3088.0,2979.19,2985.03,18882155.0
2022-08-25,0,2994.08,3012.69,2957.96,3008.89,15803027.0
2022-08-26,0,3015.55,3027.14,2986.36,2991.12,13687176.0
2022-08-29,0,2952.33,2989.09,2944.96,2987.45,10769776.0
2022-08-30,0,2980.77,3008.03,2966.54,2993.18,11008483.0
2022-08-31,0,2980.9,3016.91,2954.66,2977.69,13027378.0
2022-09-01,0,2974.64,3017.87,2967.0,2978.15,10858842.0
2022-09-02,0,2987.23,3012.31,2980.37,3005.16,12055035.0
2022-09-05,0,2992.09,3004.18,2961.3,2981.88,10595644.0
2022-09-06,0,2991.79,2998.72,2970.81,2997.89,11533867.0
2022-09-07,0,2987.7,2993.33,2965.99,2992.74,12589319.0
2022-09-08,0,2992.77,2995.5,2968.22,2968.87,12462194.0
2022-09-09,0,2973.18,3036.05,2966.92,3021.28,15030683.0
2022-09-13,0,3036.79,3063.45,3035.91,3039.1,14810065.0
2022-09-14,0,2992.15,3018.31,2988.5,3015.28,11913241.0
2022-09-15,0,3022.09,3049.14,2974.4,2999.49,16853557.0
2022-09-16,0,2988.42,2999.66,2926.68,2928.94,25446441.0
2022-09-19,0,2919.41,2919.41,2830.16,2840.59,18570176.0
2022-09-20,0,2850.88,2872.31,2823.02,2833.12,13156411.0
2022-09-21,0,2820.08,2864.97,2762.09,2850.97,16040906.0
2022-09-22,0,2824.46,2879.05,2823.23,2839.56,13809375.0
2022-09-23,0,2840.2,2851.46,2776.98,2790.89,13143337.0
2022-09-26,0,2769.0,2776.49,2718.85,2722.44,12410161.0
2022-09-27,0,2731.58,2784.9,2728.69,2784.47,10741629.0
2022-09-28,0,2773.45,2774.43,2712.39,2712.39,10608912.0
2022-09-29,0,2740.32,2768.64,2696.25,2708.31,11801227.0
2022-09-30,0,2710.25,2741.61,2701.23,2701.23,11463226.0
2022-10-10,0,2706.61,2708.55,2659.15,2664.66,12819223.0
2022-10-11,0,2670.77,2693.1,2650.35,2667.95,11154221.0
2022-10-12,0,2663.99,2774.62,2654.51,2774.59,15854059.0
2022-10-13,0,2769.34,2862.74,2767.94,2824.28,21664375.0
2022-10-14,0,2833.77,2888.61,2832.95,2873.54,19449243.0
2022-10-17,0,2862.16,2938.48,2860.37,2925.5,17779832.0
2022-10-18,0,2930.39,2932.39,2891.76,2898.03,14715325.0
2022-10-19,0,2894.0,2901.12,2866.68,2878.63,15778611.0
2022-10-20,0,2863.32,2926.12,2850.24,2877.5,17616550.0
2022-10-21,0,2887.54,2905.37,2849.57,2880.41,14580382.0
2022-10-24,0,2885.85,2947.46,2837.18,2846.18,18940481.0
2022-10-25,0,2828.29,2849.49,2754.08,2786.57,18662554.0
2022-10-26,0,2791.57,2935.33,2791.57,2912.86,22730169.0
2022-10-27,0,2933.14,3034.15,2932.72,2995.18,24039710.0
2022-10-28,0,2973.14,3009.07,2915.82,2931.33,24122944.0
2022-10-31,0,2937.04,3077.81,2937.04,3049.53,28361994.0
2022-11-01,0,3055.96,3102.82,3018.53,3089.96,26744655.0
2022-11-02,0,3075.09,3104.63,3054.56,3102.02,25422102.0
2022-11-03,0,3063.66,3080.15,2996.0,3020.15,20617966.0
2022-11-04,0,3013.91,3093.4,3011.1,3088.19,23157967.0
2022-11-07,0,3073.14,3132.67,3069.36,3081.63,20742881.0
2022-11-08,0,3076.87,3116.67,3038.8,3116.67,22936739.0
2022-11-09,0,3103.53,3116.95,3065.97,3082.82,20631659.0
2022-11-10,0,3061.38,3122.99,3056.52,3099.97,24589585.0
2022-11-11,0,3181.48,3198.34,3107.29,3132.55,33851540.0
2022-11-14,0,3144.87,3186.31,3128.07,3176.83,26031011.0
2022-11-15,0,3161.18,3266.45,3158.35,3245.28,27283584.0
2022-11-16,0,3238.56,3282.93,3215.47,3226.6,25022520.0
2022-11-17,0,3233.39,3309.96,3212.27,3309.91,28680255.0
2022-11-18,0,3302.12,3353.91,3258.95,3264.15,28558730.0
2022-11-21,0,3239.17,3255.79,3174.27,3230.9,23679852.0
2022-11-22,0,3219.29,3254.09,3190.16,3205.52,22794741.0
2022-11-23,0,3195.98,3209.14,3135.88,3165.15,19344761.0
2022-11-24,0,3174.82,3187.71,3127.95,3136.49,15544756.0
2022-11-25,0,3131.47,3150.25,3118.51,3121.39,15674362.0
2022-11-28,0,3059.2,3090.32,3050.74,3072.83,16202561.0
2022-11-29,0,3086.47,3181.89,3086.47,3177.07,21860322.0
2022-11-30,0,3167.22,3179.41,3148.57,3165.29,17361046.0
2022-12-01,0,3200.27,3241.29,3200.27,3228.97,21158322.0
2022-12-02,0,3214.18,3267.8,3212.26,3227.72,21547399.0
2022-12-05,0,3255.27,3300.25,3255.27,3298.17,22467232.0
2022-12-06,0,3283.16,3298.71,3269.85,3280.05,18693199.0
2022-12-07,0,3278.23,3280.29,3244.6,3259.64,17014256.0
2022-12-08,0,3255.03,3258.37,3210.31,3218.74,16690649.0
2022-12-09,0,3218.6,3231.07,3185.67,3216.88,17897023.0
2022-12-12,0,3207.84,3242.3,3206.51,3227.57,16112646.0
2022-12-13,0,3230.42,3239.3,3168.65,3170.48,14866893.0
2022-12-14,0,3176.91,3207.17,3170.15,3189.36,13610427.0
2022-12-15,0,3182.6,3222.93,3175.78,3205.5,14838061.0
2022-12-16,0,3182.55,3191.02,3145.86,3162.42,14298296.0
2022-12-19,0,3162.57,3178.2,3082.99,3103.21,13755908.0
2022-12-20,0,3118.21,3131.12,3030.47,3044.02,12828632.0
2022-12-21,0,3045.83,3065.54,3017.81,3031.61,10892448.0
2022-12-22,0,3054.48,3070.7,3019.79,3031.18,11725334.0
2022-12-23,0,3014.83,3098.22,3011.62,3071.63,10713195.0
2022-12-26,0,3074.31,3097.99,3069.66,3089.29,9124256.0
2022-12-27,0,3108.58,3115.39,3089.48,3111.53,10656852.0
2022-12-28,0,3104.8,3114.36,3078.86,3084.65,12285666.0
2022-12-29,0,3073.79,3131.09,3067.62,3106.56,11427539.0
2022-12-30,0,3113.25,3163.37,3113.25,3143.13,10909532.0
2023-01-03,0,3135.94,3256.93,3128.15,3252.91,19223164.0
2023-01-04,0,3274.77,3297.82,3266.08,3296.89,17392628.0
2023-01-05,0,3312.06,3333.22,3299.36,3327.71,19892573.0
2023-01-06,0,3324.63,3338.61,3298.19,3307.08,16340645.0
2023-01-09,0,3317.72,3365.08,3308.5,3351.18,15825578.0
2023-01-10,0,3354.7,3370.47,3328.17,3336.82,21160641.0
2023-01-11,0,3346.17,3361.46,3309.7,3312.2,21878019.0
2023-01-12,0,3322.72,3367.14,3309.31,3345.66,27819938.0
2023-01-13,0,3356.33,3369.38,3330.78,3369.38,23836161.0
2023-01-16,0,3381.92,3490.22,3381.92,3441.22,29354564.0
2023-01-17,0,3431.38,3442.49,3399.38,3418.21,19480255.0
2023-01-18,0,3411.7,3476.25,3410.62,3464.43,17084932.0
2023-01-19,0,3454.12,3532.69,3449.74,3532.69,19251063.0
2023-01-20,0,3530.68,3575.7,3521.12,3556.07,21505416.0
2023-01-30,0,3628.22,3633.83,3577.17,3579.95,24944838.0
2023-01-31,0,3573.99,3591.57,3532.97,3538.5,29813355.0
2023-02-01,0,3547.24,3620.36,3543.27,3620.36,29796839.0
2023-02-02,0,3643.32,3645.59,3590.68,3599.37,30384812.0
2023-02-03,0,3586.86,3647.34,3573.57,3641.55,31415508.0
2023-02-06,0,3623.96,3664.65,3592.28,3631.58,32737063.0
2023-02-07,0,3625.09,3651.98,3593.48,3640.17,34806400.0
2023-02-08,0,3640.11,3642.42,3579.77,3586.39,33150099.0
2023-02-09,0,3573.47,3667.33,3550.71,3666.62,29911230.0
2023-02-10,0,3661.63,3682.98,3605.27,3623.21,29127457.0
2023-02-13,0,3612.6,3673.26,3612.6,3671.33,27222023.0
2023-02-14,0,3684.1,3688.17,3634.1,3658.56,25663762.0
2023-02-15,0,3658.61,3727.82,3650.26,3714.52,30010803.0
2023-02-16,0,3715.37,3787.53,3641.63,3671.01,40298626.0
2023-02-17,0,3666.43,3677.1,3535.15,3535.76,29905779.0
2023-02-20,0,3548.91,3643.39,3537.92,3640.63,26052040.0
2023-02-21,0,3641.66,3693.64,3603.42,3634.89,27785440.0
2023-02-22,0,3607.45,3657.24,3575.75,3639.56,24969482.0
2023-02-23,0,3628.07,3635.32,3559.4,3570.31,22850079.0
2023-02-24,0,3576.45,3601.87,3548.75,3569.18,22550532.0
2023-02-27,0,3542.67,3574.48,3521.45,3525.43,20271190.0
2023-02-28,0,3580.56,3625.34,3540.32,3594.55,24639857.0
2023-03-01,0,3586.5,3739.53,3582.15,3737.37,36987980.0
2023-03-02,0,3727.14,3764.14,3721.48,3746.91,29193399.0
2023-03-03,0,3714.73,3725.74,3664.04,3706.46,22787021.0
2023-03-06,0,3690.0,3694.48,3647.45,3659.05,22635729.0
2023-03-07,0,3653.93,3663.01,3555.27,3556.35,23687746.0
2023-03-08,0,3553.11,3602.63,3551.31,3602.52,19833101.0
2023-03-09,0,3600.02,3638.15,3555.35,3622.51,20193128.0
2023-03-10,0,3588.29,3642.19,3585.37,3594.77,24678484.0
2023-03-13,0,3583.74,3716.73,3569.05,3716.69,29527810.0
2023-03-14,0,3701.85,3704.81,3633.49,3679.06,27193280.0
2023-03-15,0,3703.05,3709.09,3636.64,3640.31,20532089.0
2023-03-16,0,3614.95,3648.51,3578.09,3604.92,20687940.0
2023-03-17,0,3637.12,3757.9,3637.12,3732.43,32129315.0
2023-03-20,0,3730.5,3746.57,3650.92,3655.54,29335179.0
2023-03-21,0,3657.52,3725.61,3626.54,3715.32,31301737.0
2023-03-22,0,3714.75,3740.43,3691.28,3738.14,42904990.0
2023-03-23,0,3713.76,3837.55,3709.22,3837.11,36849411.0
2023-03-24,0,3840.31,3917.54,3805.95,3906.6,45810258.0
2023-03-27,0,3936.73,4023.26,3897.03,3986.61,49527851.0
2023-03-28,0,3964.8,3975.13,3891.86,3918.51,40574046.0
2023-03-29,0,3911.57,3955.29,3842.16,3896.11,36298930.0
2023-03-30,0,3880.98,3886.57,3799.09,3843.84,32408236.0
2023-03-31,0,3836.87,3992.48,3801.76,3984.82,32250531.0
2023-04-03,0,4000.4,4215.52,4000.4,4214.75,52105550.0
2023-04-04,0,4220.26,4278.08,4159.58,4229.16,52605621.0
2023-04-06,0,4139.16,4172.74,4091.26,4128.93,41271633.0
2023-04-07,0,4143.8,4211.51,4092.83,4190.37,39057245.0
2023-04-10,0,4198.66,4198.66,3968.8,3979.93,41776656.0
2023-04-11,0,3982.08,4052.48,3963.7,4028.43,32661430.0
2023-04-12,0,4039.09,4175.17,4026.3,4139.12,40453519.0
2023-04-13,0,4099.87,4132.97,4027.85,4037.79,38354933.0
2023-04-14,0,4038.89,4085.01,3966.59,4041.48,30561827.0
2023-04-17,0,4027.26,4034.18,3960.55,4006.98,29841228.0
2023-04-18,0,3992.54,4047.29,3953.71,4012.9,25929920.0
2023-04-19,0,3996.93,4096.14,3990.31,4013.2,31222373.0
2023-04-20,0,4011.67,4071.99,4006.08,4071.71,30108426.0
2023-04-21,0,4064.42,4066.15,3865.22,3865.25,37812774.0
2023-04-24,0,3855.64,3894.29,3794.58,3823.64,30659683.0
2023-04-25,0,3804.09,3828.7,3731.32,3782.59,28888894.0
2023-04-26,0,3768.83,3777.58,3615.04,3635.75,29372394.0
2023-04-27,0,3623.03,3695.99,3605.6,3638.81,28312454.0
2023-04-28,0,3631.81,3786.16,3631.81,3780.28,31439801.0
2023-05-04,0,3756.48,3791.61,3714.62,3754.71,28273194.0
2023-05-05,0,3741.94,3804.02,3725.42,3773.63,28316947.0
2023-05-08,0,3776.87,3834.39,3727.07,3821.96,28512860.0
2023-05-09,0,3818.59,3891.54,3791.46,3795.95,34232115.0
2023-05-10,0,3778.39,3815.88,3720.34,3746.94,25225846.0
2023-05-11,0,3754.68,3768.04,3707.32,3710.79,20239792.0
2023-05-12,0,3697.53,3723.79,3659.75,3660.11,19437962.0
2023-05-15,0,3664.09,3673.75,3559.51,3673.75,20906164.0
2023-05-16,0,3671.43,3671.43,3567.88,3576.93,18502650.0
2023-05-17,0,3562.1,3623.12,3555.86,3600.12,15493726.0
2023-05-18,0,3603.35,3694.43,3603.35,3675.96,21019025.0
2023-05-19,0,3671.84,3676.64,3624.42,3647.23,17063839.0
2023-05-22,0,3639.95,3646.82,3583.4,3617.19,15920159.0
2023-05-23,0,3617.21,3617.21,3547.47,3547.47,15208204.0
2023-05-24,0,3529.05,3553.94,3488.64,3519.44,16676761.0
2023-05-25,0,3526.31,3559.14,3447.79,3503.65,19363936.0
2023-05-26,0,3503.41,3562.2,3490.12,3548.37,16903126.0
2023-05-29,0,3572.1,3581.93,3529.43,3536.48,23836243.0
2023-05-30,0,3525.85,3600.56,3485.36,3600.56,26689730.0
2023-05-31,0,3596.67,3646.46,3596.67,3638.49,27417517.0
2023-06-01,0,3615.16,3754.03,3609.63,3715.01,30565526.0
2023-06-02,0,3725.88,3755.63,3710.09,3738.92,24750422.0
2023-06-05,0,3740.64,3767.9,3730.47,3742.06,22767173.0
2023-06-06,0,3743.27,3754.93,3639.19,3655.23,23607864.0
2023-06-07,0,3656.95,3733.77,3646.36,3704.01,19746097.0
2023-06-08,0,3693.5,3703.47,3634.28,3683.45,19614802.0
2023-06-09,0,3684.44,3724.24,3659.01,3717.69,23597731.0
2023-06-12,0,3712.93,3749.41,3711.05,3720.81,24176875.0
2023-06-13,0,3712.1,3830.9,3684.81,3820.21,29117211.0
2023-06-14,0,3813.35,3855.56,3802.68,3840.24,26565858.0
2023-06-15,0,3846.89,3868.27,3793.72,3811.39,24182122.0
2023-06-16,0,3810.1,3910.46,3784.13,3906.17,24889885.0
2023-06-19,0,3930.28,3999.99,3902.69,3989.52,27384122.0
2023-06-20,0,3976.99,4068.42,3964.65,4053.11,28218985.0
2023-06-21,0,4018.19,4023.86,3910.48,3910.5,27153000.0
2023-06-26,0,3860.66,3873.61,3700.88,3712.98,24393313.0
2023-06-27,0,3719.59,3744.05,3685.76,3721.61,16778647.0
2023-06-28,0,3696.82,3696.82,3540.67,3616.74,20615414.0
2023-06-29,0,3598.25,3638.85,3562.83,3620.74,19505497.0
2023-06-30,0,3600.6,3645.05,3585.49,3627.52,19784021.0
2023-07-03,0,3639.46,3651.88,3555.57,3641.61,21280610.0
2023-07-04,0,3624.81,3641.83,3614.91,3637.7,15982868.0
2023-07-05,0,3637.81,3646.78,3572.18,3575.13,15141338.0
2023-07-06,0,3560.81,3631.87,3552.77,3574.68,15527971.0
2023-07-07,0,3560.19,3560.19,3483.7,3516.43,17007523.0
2023-07-10,0,3533.24,3541.43,3485.73,3492.97,12924681.0
2023-07-11,0,3493.56,3522.06,3477.16,3488.82,12996646.0
2023-07-12,0,3475.41,3491.59,3390.44,3394.49,20416260.0
2023-07-13,0,3411.95,3471.58,3402.01,3458.74,18974225.0
2023-07-14,0,3470.88,3564.28,3470.88,3533.36,21530090.0
2023-07-17,0,3538.15,3565.81,3521.41,3536.43,18714092.0
2023-07-18,0,3539.63,3543.07,3490.81,3494.01,15091283.0
2023-07-19,0,3503.01,3517.52,3473.6,3489.43,13688112.0
2023-07-20,0,3491.72,3493.82,3413.34,3419.54,15231901.0
2023-07-21,0,3406.65,3432.21,3384.57,3396.41,11984799.0
2023-07-24,0,3391.87,3462.33,3386.61,3423.55,13105635.0
2023-07-25,0,3497.69,3561.59,3486.83,3556.78,27082674.0
2023-07-26,0,3540.05,3540.05,3482.62,3492.88,17925639.0
2023-07-27,0,3486.33,3505.44,3447.01,3455.16,15356773.0
2023-07-28,0,3446.98,3624.11,3443.22,3612.37,30954193.0
2023-07-31,0,3630.37,3683.12,3615.77,3632.71,31011677.0
2023-08-01,0,3610.82,3641.57,3601.29,3620.77,21821515.0
2023-08-02,0,3605.66,3668.12,3603.79,3636.72,21550771.0
2023-08-03,0,3630.84,3695.3,3615.81,3689.12,25799481.0
2023-08-04,0,3729.33,3868.29,3729.33,3788.92,49301695.0
2023-08-07,0,3769.1,3807.26,3763.04,3785.8,32877169.0
2023-08-08,0,3769.56,3775.35,3730.35,3733.41,26782559.0
2023-08-09,0,3725.11,3782.28,3709.99,3717.57,26534777.0
2023-08-10,0,3700.93,3747.12,3688.84,3744.73,26777377.0
2023-08-11,0,3732.55,3732.55,3605.28,3605.34,26442875.0
2023-08-14,0,3545.08,3640.3,3544.48,3631.94,21733031.0
2023-08-15,0,3626.78,3643.22,3561.49,3617.58,22017371.0
2023-08-16,0,3587.98,3633.05,3541.05,3552.59,24825186.0
2023-08-17,0,3528.85,3561.01,3502.99,3550.15,22550709.0
2023-08-18,0,3548.67,3592.68,3469.6,3469.6,21670815.0
2023-08-21,0,3456.54,3500.91,3431.31,3431.62,19998336.0
2023-08-22,0,3451.39,3524.33,3427.41,3517.84,26373173.0
2023-08-23,0,3486.71,3492.75,3426.1,3426.38,22953791.0
2023-08-24,0,3449.89,3486.13,3410.25,3431.82,26526845.0
2023-08-25,0,3401.29,3418.02,3318.05,3339.18,27706321.0
2023-08-28,0,3649.17,3649.17,3392.22,3397.81,43707282.0
2023-08-29,0,3379.43,3534.42,3379.43,3509.82,35519343.0
2023-08-30,0,3504.86,3552.5,3492.16,3536.75,33383241.0
2023-08-31,0,3531.21,3540.63,3502.43,3503.66,28417576.0
2023-09-01,0,3513.43,3526.2,3468.04,3478.89,21964030.0
2023-09-04,0,3498.1,3532.55,3464.18,3532.55,21772577.0
2023-09-05,0,3517.57,3518.29,3467.72,3472.71,22065504.0
2023-09-06,0,3455.8,3475.86,3422.13,3469.65,20282700.0
2023-09-07,0,3457.29,3481.43,3423.34,3429.53,21058963.0
2023-09-08,0,3412.17,3447.12,3377.91,3429.71,20275092.0
2023-09-11,0,3433.09,3504.05,3410.49,3473.65,22725267.0
2023-09-12,0,3457.2,3476.55,3445.66,3451.05,19106581.0
2023-09-13,0,3440.83,3441.42,3346.87,3371.78,19597474.0
2023-09-14,0,3374.41,3377.25,3328.5,3349.45,15816136.0
2023-09-15,0,3356.53,3361.07,3306.95,3316.34,15564736.0
2023-09-18,0,3300.93,3344.98,3291.19,3321.6,13726113.0
2023-09-19,0,3315.66,3315.66,3270.83,3277.33,13817962.0
2023-09-20,0,3275.15,3299.77,3259.17,3260.46,12794446.0
2023-09-21,0,3246.39,3285.07,3244.07,3249.85,14495479.0
2023-09-22,0,3245.71,3368.34,3241.48,3368.34,20923361.0
2023-09-25,0,3356.88,3356.88,3297.85,3302.8,21340171.0
2023-09-26,0,3296.03,3341.03,3296.03,3307.82,17160120.0
2023-09-27,0,3297.88,3323.32,3294.83,3303.09,15271472.0
2023-09-28,0,3312.68,3325.28,3300.94,3317.93,14273215.0
2023-10-09,0,3303.82,3330.29,3280.49,3316.84,18998190.0
2023-10-10,0,3324.9,3352.27,3324.9,3337.86,21352170.0
2023-10-11,0,3343.29,3395.48,3324.15,3363.41,21633917.0
2023-10-12,0,3400.9,3407.16,3354.37,3360.77,19253871.0
2023-10-13,0,3335.63,3335.63,3302.18,3312.07,18944775.0
2023-10-16,0,3312.16,3312.52,3266.22,3283.7,19485187.0
2023-10-17,0,3302.15,3327.37,3277.06,3314.51,24443158.0
2023-10-18,0,3278.44,3278.44,3218.81,3252.07,26071839.0
2023-10-19,0,3229.59,3285.08,3210.32,3211.23,26406566.0
2023-10-20,0,3185.91,3211.49,3135.64,3140.27,22420267.0
2023-10-23,0,3123.46,3125.1,3032.27,3053.1,21655712.0
2023-10-24,0,3066.6,3117.61,3025.21,3111.01,22654153.0
2023-10-25,0,3125.2,3177.43,3112.79,3138.3,23598414.0
2023-10-26,0,3109.64,3155.01,3104.16,3151.99,20418634.0
2023-10-27,0,3128.91,3162.06,3089.0,3146.92,22312452.0
2023-10-30,0,3131.2,3199.5,3128.79,3190.56,21190919.0
2023-10-31,0,3193.49,3197.7,3149.65,3169.72,21494946.0
2023-11-01,0,3180.63,3187.13,3141.43,3141.83,16400918.0
2023-11-02,0,3145.82,3167.62,3108.32,3108.32,16279607.0
2023-11-03,0,3113.94,3179.29,3113.94,3165.03,18011871.0
2023-11-06,0,3195.19,3264.82,3195.19,3258.34,23100530.0
2023-11-07,0,3248.75,3281.48,3238.55,3269.45,21259520.0
2023-11-08,0,3271.19,3320.69,3266.77,3291.11,25572878.0
2023-11-09,0,3280.65,3309.4,3258.48,3286.51,24834744.0
2023-11-10,0,3263.89,3273.32,3241.81,3252.52,21193623.0
2023-11-13,0,3269.42,3323.53,3269.42,3307.2,23043674.0
2023-11-14,0,3311.42,3361.4,3305.93,3350.02,26617810.0
2023-11-15,0,3387.38,3393.1,3345.85,3349.75,26951236.0
2023-11-16,0,3333.91,3364.76,3326.16,3326.9,21305289.0
2023-11-17,0,3316.27,3346.14,3304.49,3328.12,21461711.0
2023-11-20,0,3329.56,3380.96,3311.21,3363.61,25499521.0
2023-11-21,0,3375.72,3392.47,3331.78,3338.81,26303876.0
2023-11-22,0,3329.22,3356.5,3302.89,3302.89,31221719.0
2023-11-23,0,3293.41,3324.22,3255.46,3320.57,25718517.0
2023-11-24,0,3323.08,3323.08,3235.3,3245.07,21512771.0
2023-11-27,0,3230.88,3257.82,3215.53,3228.21,17507355.0
2023-11-28,0,3226.32,3243.67,3200.32,3226.6,14662344.0
2023-11-29,0,3222.2,3222.2,3187.13,3191.74,14329339.0
2023-11-30,0,3188.39,3203.34,3148.59,3173.42,14421282.0
2023-12-01,0,3175.08,3261.97,3169.71,3254.61,18242737.0
2023-12-04,0,3257.54,3304.4,3255.91,3272.6,18925460.0
2023-12-05,0,3259.87,3259.87,3170.07,3170.07,19271598.0
2023-12-06,0,3164.55,3203.58,3143.59,3170.38,17284925.0
2023-12-07,0,3167.01,3236.97,3167.01,3218.08,20252231.0
2023-12-08,0,3216.4,3269.93,3215.45,3240.62,24200963.0
2023-12-11,0,3234.59,3299.82,3203.88,3293.55,19981636.0
2023-12-12,0,3287.13,3307.13,3281.6,3299.5,17241537.0
2023-12-13,0,3292.79,3298.26,3244.96,3244.96,15336177.0
2023-12-14,0,3262.47,3286.19,3225.59,3226.52,15545123.0
2023-12-15,0,3235.82,3244.24,3192.36,3203.34,15270805.0
2023-12-18,0,3191.89,3223.08,3150.15,3159.29,14291710.0
2023-12-19,0,3154.85,3193.17,3137.86,3176.98,13174424.0
2023-12-20,0,3177.45,3179.08,3079.1,3079.37,14893575.0
2023-12-21,0,3064.07,3123.84,3050.4,3104.8,14304708.0
2023-12-22,0,3098.45,3098.73,3038.22,3047.34,17020809.0
2023-12-25,0,3044.53,3069.62,3022.11,3031.76,12617402.0
2023-12-26,0,3027.38,3027.84,2963.03,2977.59,12824787.0
2023-12-27,0,2978.87,3003.92,2963.3,2990.81,14453707.0
2023-12-28,0,2982.44,3099.48,2966.33,3081.24,16532391.0
2023-12-29,0,3075.73,3123.15,3074.31,3118.38,13675457.0
2024-01-02,0,3118.66,3118.68,3070.67,3070.67,12764405.0
2024-01-03,0,3064.17,3073.67,3011.41,3040.03,14772618.0
2024-01-04,0,3035.55,3035.55,2989.66,3003.5,13747096.0
2024-01-05,0,3002.47,3011.82,2932.69,2948.33,14154607.0
2024-01-08,0,2939.9,2942.08,2882.08,2882.09,13754336.0
2024-01-09,0,2889.45,2901.97,2832.15,2854.14,14094859.0
2024-01-10,0,2842.47,2849.59,2790.01,2803.99,12689886.0
2024-01-11,0,2806.55,2897.2,2806.55,2882.52,15660411.0
2024-01-12,0,2870.89,2874.66,2824.86,2824.86,12973667.0
2024-01-15,0,2811.33,2842.58,2795.95,2812.15,10594626.0
2024-01-16,0,2807.72,2807.72,2748.37,2801.61,14537188.0
2024-01-17,0,2794.35,2797.7,2734.65,2734.65,12745515.0
2024-01-18,0,2716.92,2770.75,2679.8,2769.7,19352377.0
2024-01-19,0,2758.11,2763.28,2717.03,2717.03,14465317.0
2024-01-22,0,2716.69,2723.05,2570.2,2593.61,18085864.0
2024-01-23,0,2590.11,2665.18,2575.66,2648.2,16188766.0
2024-01-24,0,2667.0,2718.83,2589.14,2710.11,20160519.0
2024-01-25,0,2699.99,2790.56,2684.51,2781.6,21708390.0
2024-01-26,0,2767.78,2803.84,2752.03,2758.99,17521977.0
2024-01-29,0,2755.98,2767.22,2662.39,2662.39,14951322.0
2024-01-30,0,2640.09,2667.49,2581.91,2584.49,13986208.0
2024-01-31,0,2568.87,2582.85,2470.64,2472.93,17768516.0
2024-02-01,0,2458.72,2539.61,2437.99,2481.7,16335949.0
2024-02-02,0,2483.51,2517.43,2308.66,2394.96,19975585.0
2024-02-05,0,2378.4,2378.4,2205.26,2263.6,24751636.0
2024-02-06,0,2236.51,2426.83,2224.94,2404.75,24144810.0
2024-02-07,0,2403.27,2490.8,2399.38,2457.55,24312963.0
2024-02-08,0,2480.24,2573.15,2480.24,2568.95,23635032.0
2024-02-19,0,2625.65,2639.4,2585.15,2639.05,23396022.0
2024-02-20,0,2617.46,2653.23,2595.53,2643.03,19247362.0
2024-02-21,0,2615.31,2750.62,2605.49,2672.92,24228701.0
2024-02-22,0,2683.59,2751.26,2683.59,2741.86,21280067.0
2024-02-23,0,2760.06,2787.82,2731.34,2784.62,22166831.0
2024-02-26,0,2778.77,2812.85,2756.94,2776.17,23546586.0
2024-02-27,0,2767.35,2886.62,2761.26,2886.62,26287498.0
2024-02-28,0,2901.38,2945.43,2744.05,2744.05,35138153.0
2024-02-29,0,2732.73,2863.08,2732.73,2863.08,26221111.0
2024-03-01,0,2868.84,2952.24,2862.51,2941.73,28129208.0
2024-03-04,0,2957.71,2968.16,2897.67,2946.29,26500037.0
2024-03-05,0,2916.33,2938.71,2885.39,2909.1,24328628.0
2024-03-06,0,2889.17,2928.64,2857.36,2897.81,20177798.0
2024-03-07,0,2899.49,2917.62,2833.39,2833.92,20028383.0
2024-03-08,0,2840.31,2878.9,2810.46,2869.32,15972288.0
2024-03-11,0,2847.65,2909.46,2840.87,2909.46,19473545.0
2024-03-12,0,2918.04,2941.85,2894.39,2930.16,22598195.0
2024-03-13,0,2937.47,2968.33,2918.01,2930.32,25710761.0
2024-03-14,0,2908.41,2920.5,2848.74,2885.73,19805441.0
2024-03-15,0,2879.64,2901.95,2847.85,2900.88,17012657.0
2024-03-18,0,2907.65,2967.74,2907.13,2967.74,23423214.0
2024-03-19,0,2955.99,2964.28,2932.57,2932.71,19782911.0
2024-03-20,0,2925.35,2975.16,2925.35,2972.52,19509541.0
2024-03-21,0,2986.53,3030.03,2969.94,2978.77,22742881.0
2024-03-22,0,2962.9,2964.15,2889.32,2931.53,22234412.0
2024-03-25,0,2933.87,2944.63,2855.46,2855.93,21623691.0
2024-03-26,0,2842.24,2874.84,2783.59,2811.73,19347871.0
2024-03-27,0,2804.27,2805.64,2691.13,2691.13,18445879.0
2024-03-28,0,2696.23,2806.93,2696.23,2782.2,19328104.0
2024-03-29,0,2776.11,2776.5,2726.6,2773.52,15309412.0
2024-04-01,0,2785.94,2836.29,2785.94,2836.21,15669480.0
2024-04-02,0,2831.01,2831.01,2762.3,2777.79,14081276.0
2024-04-03,0,2767.72,2768.56,2704.47,2712.11,12870409.0
2024-04-08,0,2703.52,2708.06,2662.33,2664.91,13694498.0
2024-04-09,0,2666.3,2682.5,2648.69,2673.66,10182579.0
2024-04-10,0,2665.8,2665.8,2583.07,2603.89,12974132.0
2024-04-11,0,2589.49,2645.92,2589.49,2608.79,14061911.0
2024-04-12,0,2607.78,2632.24,2559.16,2562.4,13435477.0
2024-04-15,0,2561.01,2604.55,2528.25,2563.64,17920083.0
2024-04-16,0,2545.02,2556.45,2459.84,2462.4,17303101.0
2024-04-17,0,2488.47,2569.99,2488.47,2569.99,16042410.0
2024-04-18,0,2560.3,2601.54,2529.82,2561.88,15103232.0
2024-04-19,0,2546.88,2560.33,2506.28,2519.22,12026396.0
2024-04-22,0,2501.88,2550.94,2477.38,2527.91,11717668.0
2024-04-23,0,2532.46,2556.39,2527.37,2541.9,11952426.0
2024-04-24,0,2554.64,2604.37,2554.64,2602.93,15236602.0
2024-04-25,0,2591.23,2609.39,2573.08,2582.5,13185144.0
2024-04-26,0,2593.13,2688.28,2589.99,2683.22,22974048.0
2024-04-29,0,2683.2,2768.24,2683.2,2751.78,23692924.0
2024-04-30,0,2750.36,2755.12,2694.15,2712.08,19909607.0
